#
# There is insufficient memory for the Java Runtime Environment to continue.
# Native memory allocation (mmap) failed to map 65536 bytes. Error detail: Failed to commit metaspace.
# Possible reasons:
#   The system is out of physical RAM or swap space
#   This process is running with CompressedOops enabled, and the Java Heap may be blocking the growth of the native heap
# Possible solutions:
#   Reduce memory load on the system
#   Increase physical memory or swap space
#   Check if swap backing store is full
#   Decrease Java heap size (-Xmx/-Xms)
#   Decrease number of Java threads
#   Decrease Java thread stack sizes (-Xss)
#   Set larger code cache with -XX:ReservedCodeCacheSize=
#   JVM is running with Unscaled Compressed Oops mode in which the Java heap is
#     placed in the first 4GB address space. The Java Heap base address is the
#     maximum limit for the native heap growth. Please use -XX:HeapBaseMinAddress
#     to set the Java Heap base and to place the Java Heap above 4GB virtual address.
# This output file may be truncated or incomplete.
#
#  Out of Memory Error (virtualSpaceNode.cpp:110), pid=19148, tid=20012
#
# JRE version: OpenJDK Runtime Environment Microsoft-13877129 (17.0.19+10) (build 17.0.19+10-LTS)
# Java VM: OpenJDK 64-Bit Server VM Microsoft-13877129 (17.0.19+10-LTS, mixed mode, emulated-client, sharing, tiered, compressed oops, compressed class ptrs, g1 gc, windows-amd64)
# No core dump will be written. Minidumps are not enabled by default on client versions of Windows
#

---------------  S U M M A R Y ------------

Command Line: -XX:TieredStopAtLevel=1 -Dspring.output.ansi.enabled=always -javaagent:C:\Program Files\JetBrains\IntelliJ IDEA 2026.1.2\lib\idea_rt.jar=64834 -Dfile.encoding=UTF-8 com.example.taskmanager.TaskManagerApplication

Host: AMD Ryzen 3 3250U with Radeon Graphics         , 4 cores, 5G,  Windows 10 , 64 bit Build 19041 (10.0.19041.5915)
Time: Sat Aug 15 01:52:40 2026 India Standard Time elapsed time: 1.399779 seconds (0d 0h 0m 1s)

---------------  T H R E A D  ---------------

Current thread (0x00000156ff8e8020):  JavaThread "main" [_thread_in_vm, id=20012, stack(0x00000018f5500000,0x00000018f5600000)]

Stack: [0x00000018f5500000,0x00000018f5600000]
Native frames: (J=compiled Java code, j=interpreted, Vv=VM code, C=native code)
V  [jvm.dll+0x68cc89]  (no source info available)
V  [jvm.dll+0x845d89]  (no source info available)
V  [jvm.dll+0x847af8]  (no source info available)
V  [jvm.dll+0x848183]  (no source info available)
V  [jvm.dll+0x24d0bf]  (no source info available)
V  [jvm.dll+0x841b67]  (no source info available)
V  [jvm.dll+0x6332eb]  (no source info available)
V  [jvm.dll+0x1c4cdd]  (no source info available)
V  [jvm.dll+0x635c72]  (no source info available)
V  [jvm.dll+0x633ca6]  (no source info available)
V  [jvm.dll+0x63dcfa]  (no source info available)
V  [jvm.dll+0x1ee875]  (no source info available)
V  [jvm.dll+0x1eed85]  (no source info available)
V  [jvm.dll+0x1ef72c]  (no source info available)
V  [jvm.dll+0x1e5031]  (no source info available)
V  [jvm.dll+0x5520d9]  (no source info available)
V  [jvm.dll+0x7c02db]  (no source info available)
V  [jvm.dll+0x7c03d4]  (no source info available)
V  [jvm.dll+0x41dc84]  (no source info available)
V  [jvm.dll+0x4247b9]  (no source info available)
C  [java.dll+0x1818]  (no source info available)

Java frames: (J=compiled Java code, j=interpreted, Vv=VM code)
J 649  java.lang.ClassLoader.defineClass1(Ljava/lang/ClassLoader;Ljava/lang/String;[BIILjava/security/ProtectionDomain;Ljava/lang/String;)Ljava/lang/Class; java.base@17.0.19 (0 bytes) @ 0x0000015687deaa03 [0x0000015687dea940+0x00000000000000c3]
j  java.lang.ClassLoader.defineClass(Ljava/lang/String;[BIILjava/security/ProtectionDomain;)Ljava/lang/Class;+27 java.base@17.0.19
J 842 c1 jdk.internal.loader.BuiltinClassLoader.defineClass(Ljava/lang/String;Ljdk/internal/loader/Resource;)Ljava/lang/Class; java.base@17.0.19 (121 bytes) @ 0x0000015687e40164 [0x0000015687e3fca0+0x00000000000004c4]
J 835 c1 jdk.internal.loader.BuiltinClassLoader.findClassOnClassPathOrNull(Ljava/lang/String;)Ljava/lang/Class; java.base@17.0.19 (64 bytes) @ 0x0000015687e3ccdc [0x0000015687e3ca20+0x00000000000002bc]
J 529 c1 jdk.internal.loader.BuiltinClassLoader.loadClassOrNull(Ljava/lang/String;Z)Ljava/lang/Class; java.base@17.0.19 (143 bytes) @ 0x0000015687dbb694 [0x0000015687dbb220+0x0000000000000474]
J 672 c1 jdk.internal.loader.ClassLoaders$AppClassLoader.loadClass(Ljava/lang/String;Z)Ljava/lang/Class; java.base@17.0.19 (40 bytes) @ 0x0000015687df3044 [0x0000015687df2f00+0x0000000000000144]
J 671 c1 java.lang.ClassLoader.loadClass(Ljava/lang/String;)Ljava/lang/Class; java.base@17.0.19 (7 bytes) @ 0x0000015687df2184 [0x0000015687df2140+0x0000000000000044]
v  ~StubRoutines::call_stub
j  org.springframework.util.Assert.hasText(Ljava/lang/String;Ljava/lang/String;)V+1
j  org.springframework.core.io.support.SpringFactoriesLoader.forResourceLocation(Ljava/lang/String;Ljava/lang/ClassLoader;)Lorg/springframework/core/io/support/SpringFactoriesLoader;+3
j  org.springframework.core.io.support.SpringFactoriesLoader.forDefaultResourceLocation(Ljava/lang/ClassLoader;)Lorg/springframework/core/io/support/SpringFactoriesLoader;+3
j  org.springframework.core.io.support.SpringFactoriesLoader.forDefaultResourceLocation()Lorg/springframework/core/io/support/SpringFactoriesLoader;+1
j  org.springframework.boot.WebApplicationType.deduce()Lorg/springframework/boot/WebApplicationType;+0
j  org.springframework.boot.SpringApplication.<init>(Lorg/springframework/core/io/ResourceLoader;[Ljava/lang/Class;)V+103
j  org.springframework.boot.SpringApplication.<init>([Ljava/lang/Class;)V+3
j  org.springframework.boot.SpringApplication.run([Ljava/lang/Class;[Ljava/lang/String;)Lorg/springframework/context/ConfigurableApplicationContext;+5
j  org.springframework.boot.SpringApplication.run(Ljava/lang/Class;[Ljava/lang/String;)Lorg/springframework/context/ConfigurableApplicationContext;+9
j  com.example.taskmanager.TaskManagerApplication.main([Ljava/lang/String;)V+3
v  ~StubRoutines::call_stub

Compiled method (n/a) 1430  649     n 0       java.lang.ClassLoader::defineClass1 (native)
 total in heap  [0x0000015687dea790,0x0000015687deac90] = 1280
 relocation     [0x0000015687dea8f0,0x0000015687dea928] = 56
 main code      [0x0000015687dea940,0x0000015687deac90] = 848

[Constant Pool (empty)]

[MachCode]
[Entry Point]
  # {method} {0x0000015691010f18} 'defineClass1' '(Ljava/lang/ClassLoader;Ljava/lang/String;[BIILjava/security/ProtectionDomain;Ljava/lang/String;)Ljava/lang/Class;' in 'java/lang/ClassLoader'
  # parm0:    rdx:rdx   = 'java/lang/ClassLoader'
  # parm1:    r8:r8     = 'java/lang/String'
  # parm2:    r9:r9     = '[B'
  # parm3:    rdi       = int
  # parm4:    rsi       = int
  # parm5:    rcx:rcx   = 'java/security/ProtectionDomain'
  # parm6:    [sp+0xa0]   = 'java/lang/String'  (sp of caller)
  0x0000015687dea940: 448b 5208 | 49bb 0000 | 0091 5601 | 0000 4d03 | d349 3bc2 | 0f84 0600 

  0x0000015687dea958: ;   {runtime_call ic_miss_stub}
  0x0000015687dea958: 0000 e921 | 67d4 ff90 
[Verified Entry Point]
  0x0000015687dea960: 8984 2400 | 90ff ff55 | 488b ec48 | 81ec 9000 | 0000 4881 | 7d10 0000 | 0000 488d | 4510 480f 
  0x0000015687dea980: 4445 1048 | 8944 2440 | 4889 4c24 | 7048 83f9 | 0048 8d44 | 2470 480f | 4444 2470 | 4889 4424 
  0x0000015687dea9a0: 3848 8974 | 2430 4889 | 7c24 284c | 894c 2458 | 4983 f900 | 488d 4424 | 5848 0f44 | 4424 5848 
  0x0000015687dea9c0: 8944 2420 | 4c89 4424 | 5049 83f8 | 004c 8d4c | 2450 4c0f | 444c 2450 | 4889 5424 | 4848 83fa 
  0x0000015687dea9e0: 004c 8d44 | 2448 4c0f | 4444 2448 

  0x0000015687dea9ec: ;   {oop(a 'java/lang/Class'{0x00000000a70fc768} = 'java/lang/ClassLoader')}
  0x0000015687dea9ec: 49be 68c7 | 0fa7 0000 | 0000 4c89 | 7424 784c | 8d74 2478 | 498b d6c5 

  0x0000015687deaa04: ;   {internal_word}
  0x0000015687deaa04: f877 49ba | 03aa de87 | 5601 0000 | 4d89 97a8 | 0200 0049 | 89a7 a002 

  0x0000015687deaa1c: ;   {external_word}
  0x0000015687deaa1c: 0000 49ba | dbb8 8f58 | f97f 0000 | 4180 3a00 | 0f84 5200 | 0000 5241 

  0x0000015687deaa34: ;   {metadata({method} {0x0000015691010f18} 'defineClass1' '(Ljava/lang/ClassLoader;Ljava/lang/String;[BIILjava/security/ProtectionDomain;Ljava/lang/String;)Ljava/lang/Class;' in 'java/lang/ClassLoader')}
  0x0000015687deaa34: 5041 5148 | ba10 0f01 | 9156 0100 | 0049 8bcf | 4883 ec20 | f7c4 0f00 | 0000 0f84 | 1a00 0000 
  0x0000015687deaa54: 4883 ec08 

  0x0000015687deaa58: ;   {runtime_call}
  0x0000015687deaa58: 49ba e059 | 4558 f97f | 0000 41ff | d248 83c4 | 08e9 0d00 

  0x0000015687deaa6c: ;   {runtime_call}
  0x0000015687deaa6c: 0000 49ba | e059 4558 | f97f 0000 | 41ff d248 | 83c4 2041 | 5941 585a | 498d 8fc0 | 0200 0041 
  0x0000015687deaa8c: c787 4803 | 0000 0400 

  0x0000015687deaa94: ;   {runtime_call}
  0x0000015687deaa94: 0000 49ba | d016 70dd | f97f 0000 | 41ff d2c5 | f877 41c7 | 8748 0300 | 0005 0000 | 00f0 8344 
  0x0000015687deaab4: 24c0 0049 | 3baf 5003 | 0000 0f87 | 1100 0000 | 4181 bf38 | 0300 0000 | 0000 000f | 842c 0000 
  0x0000015687deaad4: 00c5 f877 | 4889 45f8 | 498b cf4c | 8be4 4883 | ec20 4883 

  0x0000015687deaae8: ;   {runtime_call}
  0x0000015687deaae8: e4f0 49ba | 8067 5558 | f97f 0000 | 41ff d249 | 8be4 4d33 | e448 8b45 | f841 c787 | 4803 0000 
  0x0000015687deab08: 0800 0000 | 4181 bfb8 | 0300 0002 | 0000 000f | 843f 0100 

  0x0000015687deab1c: ;   {external_word}
  0x0000015687deab1c: 0049 badb | b88f 58f9 | 7f00 0041 | 803a 000f | 8450 0000 | 0048 8945 

  0x0000015687deab34: ;   {metadata({method} {0x0000015691010f18} 'defineClass1' '(Ljava/lang/ClassLoader;Ljava/lang/String;[BIILjava/security/ProtectionDomain;Ljava/lang/String;)Ljava/lang/Class;' in 'java/lang/ClassLoader')}
  0x0000015687deab34: f848 ba10 | 0f01 9156 | 0100 0049 | 8bcf 4883 | ec20 f7c4 | 0f00 0000 | 0f84 1a00 | 0000 4883 
  0x0000015687deab54: ;   {runtime_call}
  0x0000015687deab54: ec08 49ba | e059 4558 | f97f 0000 | 41ff d248 | 83c4 08e9 | 0d00 0000 

  0x0000015687deab6c: ;   {runtime_call}
  0x0000015687deab6c: 49ba e059 | 4558 f97f | 0000 41ff | d248 83c4 | 2048 8b45 | f849 c787 | a002 0000 | 0000 0000 
  0x0000015687deab8c: 49c7 87a8 | 0200 0000 | 0000 00c5 | f877 4885 | c00f 8493 | 0000 0048 | f7c0 0100 | 0000 0f84 
  0x0000015687deabac: 8300 0000 | 488b 40ff | 4180 7f38 | 000f 846f | 0000 0048 | 83f8 000f | 8465 0000 | 0049 8b4f 
  0x0000015687deabcc: 2048 83f9 | 000f 8414 | 0000 0048 | 83e9 0849 | 894f 2049 | 034f 3048 | 8901 e943 | 0000 0050 
  0x0000015687deabec: 498b d748 | 8bc8 4883 | ec20 f7c4 | 0f00 0000 | 0f84 1a00 | 0000 4883 

  0x0000015687deac04: ;   {runtime_call}
  0x0000015687deac04: ec08 49ba | 10d1 0358 | f97f 0000 | 41ff d248 | 83c4 08e9 | 0d00 0000 

  0x0000015687deac1c: ;   {runtime_call}
  0x0000015687deac1c: 49ba 10d1 | 0358 f97f | 0000 41ff | d248 83c4 | 2058 e903 | 0000 0048 | 8b00 498b | 8fd8 0000 
  0x0000015687deac3c: 00c7 8100 | 0100 0000 | 0000 00c9 | 4981 7f08 | 0000 0000 | 0f85 0100 

  0x0000015687deac54: ;   {runtime_call StubRoutines (1)}
  0x0000015687deac54: 0000 c3e9 | a462 cfff | c5f8 7748 | 8945 f84c | 8be4 4883 | ec20 4883 

  0x0000015687deac6c: ;   {runtime_call}
  0x0000015687deac6c: e4f0 49ba | a08a 4558 | f97f 0000 | 41ff d249 | 8be4 4d33 | e448 8b45 | f8e9 93fe | ffff f4f4 
  0x0000015687deac8c: f4f4 f4f4 
[/MachCode]


Compiled method (c1) 1451  842       1       jdk.internal.loader.BuiltinClassLoader::defineClass (121 bytes)
 total in heap  [0x0000015687e3fa10,0x0000015687e40888] = 3704
 relocation     [0x0000015687e3fb70,0x0000015687e3fca0] = 304
 main code      [0x0000015687e3fca0,0x0000015687e402c0] = 1568
 stub code      [0x0000015687e402c0,0x0000015687e40408] = 328
 metadata       [0x0000015687e40408,0x0000015687e40450] = 72
 scopes data    [0x0000015687e40450,0x0000015687e406a8] = 600
 scopes pcs     [0x0000015687e406a8,0x0000015687e40848] = 416
 dependencies   [0x0000015687e40848,0x0000015687e40850] = 8
 handler table  [0x0000015687e40850,0x0000015687e40868] = 24
 nul chk table  [0x0000015687e40868,0x0000015687e40888] = 32

[Constant Pool (empty)]

[MachCode]
[Entry Point]
  # {method} {0x00000156914368e0} 'defineClass' '(Ljava/lang/String;Ljdk/internal/loader/Resource;)Ljava/lang/Class;' in 'jdk/internal/loader/BuiltinClassLoader'
  # this:     rdx:rdx   = 'jdk/internal/loader/BuiltinClassLoader'
  # parm0:    r8:r8     = 'java/lang/String'
  # parm1:    r9:r9     = 'jdk/internal/loader/Resource'
  #           [sp+0x110]  (sp of caller)
  0x0000015687e3fca0: 448b 5208 | 49bb 0000 | 0091 5601 | 0000 4d03 | d34c 3bd0 

  0x0000015687e3fcb4: ;   {runtime_call ic_miss_stub}
  0x0000015687e3fcb4: 0f85 c613 | cfff 660f | 1f44 0000 
[Verified Entry Point]
  0x0000015687e3fcc0: 8984 2400 | 90ff ff55 | 4881 ec00 | 0100 0048 | 8994 24a0 | 0000 004c | 8984 2490 | 0000 004c 
  0x0000015687e3fce0: 898c 2498 | 0000 0049 | 8bd1 6666 | 9048 b8ff | ffff ffff 

  0x0000015687e3fcf4: ;   {virtual_call}
  0x0000015687e3fcf4: ffff ffe8 

  0x0000015687e3fcf8: ; ImmutableOopMap {[152]=Oop [160]=Oop [144]=Oop }
                      ;*invokevirtual getCodeSourceURL {reexecute=0 rethrow=0 return_oop=0}
                      ; - jdk.internal.loader.BuiltinClassLoader::defineClass@1 (line 842)
  0x0000015687e3fcf8: e4e4 ceff | 4889 8424 | a800 0000 | 4c8b 8424 | 9000 0000 

  0x0000015687e3fd0c: ; implicit exception: dispatches to 0x0000015687e401c3
  0x0000015687e3fd0c: 418b 7014 

  0x0000015687e3fd10: ; implicit exception: dispatches to 0x0000015687e401c8
  0x0000015687e3fd10: 8b56 0c45 | 0fbe 4810 | 498b c9c1 | e118 c1f9 | 18d3 fa48 | 8bfa ffcf | 4183 f900 | ba00 0000 
  0x0000015687e3fd30: 000f 8505 | 0000 00ba | 0100 0000 | 83e2 0183 | fa00 488b | d641 b82e | 0000 004c | 8bcf 0f84 
  0x0000015687e3fd50: 0d00 0000 

  0x0000015687e3fd54: ;   {static_call}
  0x0000015687e3fd54: 6666 90e8 

  0x0000015687e3fd58: ; ImmutableOopMap {[152]=Oop [160]=Oop [168]=Oop [144]=Oop }
                      ;*invokestatic lastIndexOf {reexecute=0 rethrow=0 return_oop=0}
                      ; - java.lang.String::lastIndexOf@13 (line 2489)
                      ; - java.lang.String::lastIndexOf@8 (line 2451)
                      ; - jdk.internal.loader.BuiltinClassLoader::defineClass@8 (line 845)
  0x0000015687e3fd58: e463 daff | e90b 0000 | 0066 0f1f 

  0x0000015687e3fd64: ;   {static_call}
  0x0000015687e3fd64: 4400 00e8 

  0x0000015687e3fd68: ; ImmutableOopMap {[152]=Oop [160]=Oop [168]=Oop [144]=Oop }
                      ;*invokestatic lastIndexOf {reexecute=0 rethrow=0 return_oop=0}
                      ; - java.lang.String::lastIndexOf@25 (line 2490)
                      ; - java.lang.String::lastIndexOf@8 (line 2451)
                      ; - jdk.internal.loader.BuiltinClassLoader::defineClass@8 (line 845)
  0x0000015687e3fd68: 141c cfff | 83f8 ff0f | 8467 0000 | 0041 b800 | 0000 004c | 8bc8 488b | 9424 9000 

  0x0000015687e3fd84: ;   {optimized virtual_call}
  0x0000015687e3fd84: 0000 90e8 

  0x0000015687e3fd88: ; ImmutableOopMap {[152]=Oop [160]=Oop [168]=Oop [144]=Oop }
                      ;*invokevirtual substring {reexecute=0 rethrow=0 return_oop=0}
                      ; - jdk.internal.loader.BuiltinClassLoader::defineClass@23 (line 847)
  0x0000015687e3fd88: f4a6 e5ff | 488b 9424 | 9800 0000 | 4889 8424 | b000 0000 | 9048 b8ff | ffff ffff 

  0x0000015687e3fda4: ;   {virtual_call}
  0x0000015687e3fda4: ffff ffe8 

  0x0000015687e3fda8: ; ImmutableOopMap {[152]=Oop [160]=Oop [168]=Oop [144]=Oop [176]=Oop }
                      ;*invokevirtual getManifest {reexecute=0 rethrow=0 return_oop=0}
                      ; - jdk.internal.loader.BuiltinClassLoader::defineClass@29 (line 848)
  0x0000015687e3fda8: 74e4 ceff | 4c8b 8424 | b000 0000 | 4c8b c848 | 8bbc 24a8 | 0000 0048 | 8b94 24a0 | 0000 0066 
  0x0000015687e3fdc8: 0f1f 4400 | 0048 b878 | b707 9156 

  0x0000015687e3fdd4: ;   {virtual_call}
  0x0000015687e3fdd4: 0100 00e8 

  0x0000015687e3fdd8: ; ImmutableOopMap {[152]=Oop [160]=Oop [168]=Oop [144]=Oop }
                      ;*invokevirtual defineOrCheckPackage {reexecute=0 rethrow=0 return_oop=0}
                      ; - jdk.internal.loader.BuiltinClassLoader::defineClass@40 (line 849)
  0x0000015687e3fdd8: c4f0 ffff | 4c8b 8c24 | 9800 0000 | 488d 9424 | e000 0000 | 4c89 4a08 | 498b 0148 | 83c8 0148 
  0x0000015687e3fdf8: 8902 f049 | 0fb1 110f | 8413 0000 | 0048 2bc4 | 4881 e007 | f0ff ff48 | 8902 0f85 | b503 0000 
  0x0000015687e3fe18: 418b 510c | 4883 fa00 | 0f85 4700 | 0000 498b | d10f 1f40 | 0048 b8ff | ffff ffff 

  0x0000015687e3fe34: ;   {virtual_call}
  0x0000015687e3fe34: ffff ffe8 

  0x0000015687e3fe38: ; ImmutableOopMap {[160]=Oop [168]=Oop [144]=Oop [152]=Oop [232]=Oop }
                      ;*invokevirtual getInputStream {reexecute=0 rethrow=0 return_oop=0}
                      ; - jdk.internal.loader.Resource::cachedInputStream@9 (line 77)
                      ; - jdk.internal.loader.Resource::getByteBuffer@1 (line 163)
                      ; - jdk.internal.loader.BuiltinClassLoader::defineClass@45 (line 853)
  0x0000015687e3fe38: 24e4 ceff | 410f be57 | 3883 fa00 | 4c8b 8c24 | 9800 0000 | 0f85 8e03 | 0000 4c8b | d045 8951 
  0x0000015687e3fe58: 0c49 8bd1 | 4833 d048 | c1ea 1448 | 83fa 000f | 858f 0300 | 0041 8b51 | 0c48 8d84 | 24e0 0000 
  0x0000015687e3fe78: 0048 8b30 | 4885 f60f | 840f 0000 | 0048 8b78 | 08f0 480f | b137 0f85 | 8003 0000 | 4883 fa00 
  0x0000015687e3fe98: 0f84 4400 

  0x0000015687e3fe9c: ;   {metadata('sun/nio/ByteBuffered')}
  0x0000015687e3fe9c: 0000 48b8 | e0ba 0d91 | 5601 0000 | 8b5a 0849 | ba00 0000 | 9156 0100 | 0049 03da | 483b 4320 
  0x0000015687e3febc: 0f84 2500 | 0000 483b | d80f 841c | 0000 0053 

  0x0000015687e3fecc: ;   {runtime_call slow_subtype_check Runtime1 stub}
  0x0000015687e3fecc: 50e8 2e3b | d9ff 5b5b | 83fb 000f | 8405 0000 | 00e9 0500 | 0000 4833 | f6eb 0a48 | be01 0000 
  0x0000015687e3feec: 0000 0000 | 0083 fe00 | 0f84 6700 | 0000 4883 | fa00 0f84 | 4400 0000 

  0x0000015687e3ff04: ;   {metadata('sun/nio/ByteBuffered')}
  0x0000015687e3ff04: 48bb e0ba | 0d91 5601 | 0000 8b7a | 0849 ba00 | 0000 9156 | 0100 0049 | 03fa 483b | 5f20 0f84 
  0x0000015687e3ff24: 2000 0000 | 483b fb0f | 8417 0000 

  0x0000015687e3ff30: ;   {runtime_call slow_subtype_check Runtime1 stub}
  0x0000015687e3ff30: 0057 53e8 | c83a d9ff | 5f5f 83ff | 000f 84e7 | 0200 00e9 | 0000 0000 | 0f1f 4400 | 0048 b8ff 
  0x0000015687e3ff50: ffff ffff 

  0x0000015687e3ff54: ;   {virtual_call}
  0x0000015687e3ff54: ffff ffe8 

  0x0000015687e3ff58: ; ImmutableOopMap {[160]=Oop [168]=Oop [144]=Oop [152]=Oop }
                      ;*invokeinterface getByteBuffer {reexecute=0 rethrow=0 return_oop=0}
                      ; - jdk.internal.loader.Resource::getByteBuffer@16 (line 165)
                      ; - jdk.internal.loader.BuiltinClassLoader::defineClass@45 (line 853)
  0x0000015687e3ff58: 2417 cfff | e90a 0000 

  0x0000015687e3ff60: ;   {oop(NULL)}
  0x0000015687e3ff60: 0048 b800 | 0000 0000 | 0000 0048 | 83f8 000f | 84e5 0000 | 0048 8984 | 24b8 0000 | 0048 8b94 
  0x0000015687e3ff80: 2498 0000 | 0048 b8ff | ffff ffff 

  0x0000015687e3ff8c: ;   {virtual_call}
  0x0000015687e3ff8c: ffff ffe8 

  0x0000015687e3ff90: ; ImmutableOopMap {[160]=Oop [168]=Oop [144]=Oop [184]=Oop }
                      ;*invokevirtual getCodeSigners {reexecute=0 rethrow=0 return_oop=0}
                      ; - jdk.internal.loader.BuiltinClassLoader::defineClass@56 (line 855)
  0x0000015687e3ff90: ec16 cfff 

  0x0000015687e3ff94: ;   {metadata('java/security/CodeSource')}
  0x0000015687e3ff94: 4c8b c848 | baa0 ee00 | 9156 0100 | 0049 8b87 | 0801 0000 | 488d 7828 | 493b bf18 | 0100 000f 
  0x0000015687e3ffb4: 877a 0200 | 0049 89bf | 0801 0000 | 48c7 0001 | 0000 0048 | 8bca 49ba | 0000 0091 | 5601 0000 
  0x0000015687e3ffd4: 492b ca89 | 4808 4833 | c989 480c | 4833 c948 | 8948 1048 | 8948 1848 | 8948 204c | 8b84 24a8 
  0x0000015687e3fff4: 0000 0048 | 8bd0 4889 | 8424 c000 | 0000 0f1f 

  0x0000015687e40004: ;   {optimized virtual_call}
  0x0000015687e40004: 4400 00e8 

  0x0000015687e40008: ; ImmutableOopMap {[160]=Oop [144]=Oop [184]=Oop [192]=Oop }
                      ;*invokespecial <init> {reexecute=0 rethrow=0 return_oop=0}
                      ; - jdk.internal.loader.BuiltinClassLoader::defineClass@68 (line 856)
  0x0000015687e40008: 7413 cfff | 4c8b 8424 | c000 0000 | 488b 9424 | a000 0000 

  0x0000015687e4001c: ;   {optimized virtual_call}
  0x0000015687e4001c: 6666 90e8 

  0x0000015687e40020: ; ImmutableOopMap {[160]=Oop [144]=Oop [184]=Oop }
                      ;*invokevirtual getProtectionDomain {reexecute=0 rethrow=0 return_oop=0}
                      ; - java.security.SecureClassLoader::defineClass@5 (line 182)
                      ; - jdk.internal.loader.BuiltinClassLoader::defineClass@79 (line 857)
  0x0000015687e40020: 5c13 cfff | 4c8b 8424 | 9000 0000 | 4c8b 8c24 | b800 0000 | 488b f848 | 8b94 24a0 

  0x0000015687e4003c: ;   {optimized virtual_call}
  0x0000015687e4003c: 0000 00e8 

  0x0000015687e40040: ; ImmutableOopMap {}
                      ;*invokevirtual defineClass {reexecute=0 rethrow=0 return_oop=0}
                      ; - java.security.SecureClassLoader::defineClass@8 (line 182)
                      ; - jdk.internal.loader.BuiltinClassLoader::defineClass@79 (line 857)
  0x0000015687e40040: 3c13 cfff | 4881 c400 | 0100 005d 

  0x0000015687e4004c: ;   {poll_return}
  0x0000015687e4004c: 493b a750 | 0300 000f | 87e7 0100 | 00c3 4c8b | 8c24 9800 | 0000 498b | d148 b8ff | ffff ffff 
  0x0000015687e4006c: ;   {virtual_call}
  0x0000015687e4006c: ffff ffe8 

  0x0000015687e40070: ; ImmutableOopMap {[160]=Oop [144]=Oop [152]=Oop [168]=Oop }
                      ;*invokevirtual getBytes {reexecute=0 rethrow=0 return_oop=0}
                      ; - jdk.internal.loader.BuiltinClassLoader::defineClass@84 (line 859)
  0x0000015687e40070: ace0 ceff | 4889 8424 | c800 0000 | 488b 9424 | 9800 0000 | 9048 b8ff | ffff ffff 

  0x0000015687e4008c: ;   {virtual_call}
  0x0000015687e4008c: ffff ffe8 

  0x0000015687e40090: ; ImmutableOopMap {[160]=Oop [144]=Oop [168]=Oop [200]=Oop }
                      ;*invokevirtual getCodeSigners {reexecute=0 rethrow=0 return_oop=0}
                      ; - jdk.internal.loader.BuiltinClassLoader::defineClass@90 (line 860)
  0x0000015687e40090: 0ce2 ceff 

  0x0000015687e40094: ;   {metadata('java/security/CodeSource')}
  0x0000015687e40094: 4c8b c848 | baa0 ee00 | 9156 0100 | 0049 8b87 | 0801 0000 | 488d 7828 | 493b bf18 | 0100 000f 
  0x0000015687e400b4: 879d 0100 | 0049 89bf | 0801 0000 | 48c7 0001 | 0000 0048 | 8bca 49ba | 0000 0091 | 5601 0000 
  0x0000015687e400d4: 492b ca89 | 4808 4833 | c989 480c | 4833 c948 | 8948 1048 | 8948 1848 | 8948 204c | 8b84 24a8 
  0x0000015687e400f4: 0000 0048 | 8bd0 4889 | 8424 d000 | 0000 0f1f 

  0x0000015687e40104: ;   {optimized virtual_call}
  0x0000015687e40104: 4400 00e8 

  0x0000015687e40108: ; ImmutableOopMap {[160]=Oop [144]=Oop [200]=Oop [208]=Oop }
                      ;*invokespecial <init> {reexecute=0 rethrow=0 return_oop=0}
                      ; - jdk.internal.loader.BuiltinClassLoader::defineClass@102 (line 861)
  0x0000015687e40108: 9902 0000 | 488b 8424 | c800 0000 

  0x0000015687e40114: ; implicit exception: dispatches to 0x0000015687e40263
  0x0000015687e40114: 8b70 0c4c | 8b84 24d0 | 0000 0048 | 8b94 24a0 | 0000 0089 | b424 d800 

  0x0000015687e4012c: ;   {optimized virtual_call}
  0x0000015687e4012c: 0000 90e8 

  0x0000015687e40130: ; ImmutableOopMap {[160]=Oop [144]=Oop [200]=Oop }
                      ;*invokevirtual getProtectionDomain {reexecute=0 rethrow=0 return_oop=0}
                      ; - java.security.SecureClassLoader::defineClass@9 (line 150)
                      ; - jdk.internal.loader.BuiltinClassLoader::defineClass@117 (line 862)
  0x0000015687e40130: 8102 0000 | 4c8b 8424 | 9000 0000 | 4c8b 8c24 | c800 0000 | bf00 0000 | 008b b424 | d800 0000 
  0x0000015687e40150: 488b c848 | 8b94 24a0 | 0000 000f 

  0x0000015687e4015c: ;   {optimized virtual_call}
  0x0000015687e4015c: 1f40 00e8 

  0x0000015687e40160: ; ImmutableOopMap {}
                      ;*invokevirtual defineClass {reexecute=0 rethrow=0 return_oop=0}
                      ; - java.security.SecureClassLoader::defineClass@12 (line 150)
                      ; - jdk.internal.loader.BuiltinClassLoader::defineClass@117 (line 862)
  0x0000015687e40160: 6102 0000 | 4881 c400 | 0100 005d 

  0x0000015687e4016c: ;   {poll_return}
  0x0000015687e4016c: 493b a750 | 0300 000f | 87ef 0000 | 00c3 498b | 87e0 0300 | 004d 33d2 | 4d89 97e0 | 0300 004d 
  0x0000015687e4018c: 33d2 4d89 | 97e8 0300 | 0048 8bf0 | 488d 8424 | e000 0000 | 488b 3848 | 85ff 0f84 | 0f00 0000 
  0x0000015687e401ac: 488b 5808 | f048 0fb1 | 3b0f 85c3 | 0000 0048 | 8bc6 e9f0 

  0x0000015687e401c0: ;   {runtime_call throw_null_pointer_exception Runtime1 stub}
  0x0000015687e401c0: 0000 00e8 

  0x0000015687e401c4: ; ImmutableOopMap {[152]=Oop [160]=Oop rax=Oop [168]=Oop r8=Oop [144]=Oop }
                      ;*invokevirtual lastIndexOf {reexecute=0 rethrow=0 return_oop=0}
                      ; - jdk.internal.loader.BuiltinClassLoader::defineClass@8 (line 845)
  0x0000015687e401c4: 580e d9ff 

  0x0000015687e401c8: ;   {runtime_call throw_null_pointer_exception Runtime1 stub}
  0x0000015687e401c8: e853 0ed9 

  0x0000015687e401cc: ; ImmutableOopMap {[152]=Oop [160]=Oop rax=Oop [168]=Oop r8=Oop [144]=Oop rsi=Oop }
                      ;*arraylength {reexecute=0 rethrow=0 return_oop=0}
                      ; - java.lang.String::length@4 (line 1481)
                      ; - java.lang.String::lastIndexOf@3 (line 2451)
                      ; - jdk.internal.loader.BuiltinClassLoader::defineClass@8 (line 845)
  0x0000015687e401cc: ff4c 894c | 2408 4889 

  0x0000015687e401d4: ;   {runtime_call monitorenter_nofpu Runtime1 stub}
  0x0000015687e401d4: 1424 e825 

  0x0000015687e401d8: ; ImmutableOopMap {[160]=Oop [168]=Oop [144]=Oop r9=Oop [152]=Oop [232]=Oop }
                      ;*synchronization entry
                      ; - jdk.internal.loader.Resource::cachedInputStream@-1 (line 76)
                      ; - jdk.internal.loader.Resource::getByteBuffer@1 (line 163)
                      ; - jdk.internal.loader.BuiltinClassLoader::defineClass@45 (line 853)
  0x0000015687e401d8: 3ed9 ffe9 | 38fc ffff | 418b 510c | 4883 fa00 | 0f84 64fc | ffff 4889 

  0x0000015687e401f0: ;   {runtime_call g1_pre_barrier_slow}
  0x0000015687e401f0: 1424 e809 | 65d9 ffe9 | 56fc ffff | 4883 f800 | 0f84 67fc | ffff 4c89 

  0x0000015687e40208: ;   {runtime_call g1_post_barrier_slow}
  0x0000015687e40208: 0c24 e8f1 | 67d9 ffe9 | 59fc ffff | 488d 8424 | e000 0000 | 4889 0424 

  0x0000015687e40220: ;   {runtime_call monitorexit_nofpu Runtime1 stub}
  0x0000015687e40220: e8db 43d9 | ffe9 6afc | ffff 4889 

  0x0000015687e4022c: ;   {runtime_call throw_class_cast_exception Runtime1 stub}
  0x0000015687e4022c: 1424 e8ed 

  0x0000015687e40230: ; ImmutableOopMap {[160]=Oop [168]=Oop [144]=Oop [152]=Oop }
                      ;*checkcast {reexecute=0 rethrow=0 return_oop=0}
                      ; - jdk.internal.loader.Resource::getByteBuffer@13 (line 165)
                      ; - jdk.internal.loader.BuiltinClassLoader::defineClass@45 (line 853)
  0x0000015687e40230: 31d9 ff48 

  0x0000015687e40234: ;   {runtime_call fast_new_instance Runtime1 stub}
  0x0000015687e40234: 8bd2 e8c5 

  0x0000015687e40238: ; ImmutableOopMap {[160]=Oop [168]=Oop [144]=Oop [184]=Oop r9=Oop }
                      ;*new {reexecute=0 rethrow=0 return_oop=0}
                      ; - jdk.internal.loader.BuiltinClassLoader::defineClass@61 (line 856)
  0x0000015687e40238: 16d9 ffe9 | affd ffff 

  0x0000015687e40240: ;   {internal_word}
  0x0000015687e40240: 49ba 4c00 | e487 5601 | 0000 4d89 | 9768 0300 

  0x0000015687e40250: ;   {runtime_call SafepointBlob}
  0x0000015687e40250: 00e9 aa77 | cfff 488b 

  0x0000015687e40258: ;   {runtime_call fast_new_instance Runtime1 stub}
  0x0000015687e40258: d2e8 a216 

  0x0000015687e4025c: ; ImmutableOopMap {[160]=Oop [144]=Oop [168]=Oop [200]=Oop r9=Oop }
                      ;*new {reexecute=0 rethrow=0 return_oop=0}
                      ; - jdk.internal.loader.BuiltinClassLoader::defineClass@95 (line 861)
  0x0000015687e4025c: d9ff e98c 

  0x0000015687e40260: ;   {runtime_call throw_null_pointer_exception Runtime1 stub}
  0x0000015687e40260: feff ffe8 

  0x0000015687e40264: ; ImmutableOopMap {[160]=Oop [144]=Oop [208]=Oop rax=Oop [200]=Oop }
                      ;*arraylength {reexecute=0 rethrow=0 return_oop=0}
                      ; - jdk.internal.loader.BuiltinClassLoader::defineClass@114 (line 862)
  0x0000015687e40264: b80d d9ff 

  0x0000015687e40268: ;   {internal_word}
  0x0000015687e40268: 49ba 6c01 | e487 5601 | 0000 4d89 | 9768 0300 

  0x0000015687e40278: ;   {runtime_call SafepointBlob}
  0x0000015687e40278: 00e9 8277 | cfff 488d | 8424 e000 | 0000 4889 

  0x0000015687e40288: ;   {runtime_call monitorexit_nofpu Runtime1 stub}
  0x0000015687e40288: 0424 e871 | 43d9 ffe9 | 27ff ffff | 9090 498b | 87e0 0300 | 0049 c787 | e003 0000 | 0000 0000 
  0x0000015687e402a8: 49c7 87e8 | 0300 0000 | 0000 0048 | 81c4 0001 

  0x0000015687e402b8: ;   {runtime_call unwind_exception Runtime1 stub}
  0x0000015687e402b8: 0000 5de9 | 40fe d8ff 
[Stub Code]
  0x0000015687e402c0: ;   {no_reloc}
  0x0000015687e402c0: 0f1f 4400 

  0x0000015687e402c4: ;   {static_stub}
  0x0000015687e402c4: 0048 bb00 | 0000 0000 

  0x0000015687e402cc: ;   {runtime_call}
  0x0000015687e402cc: 0000 00e9 | fbff ffff 

  0x0000015687e402d4: ;   {static_stub}
  0x0000015687e402d4: 9048 bb00 | 0000 0000 

  0x0000015687e402dc: ;   {runtime_call}
  0x0000015687e402dc: 0000 00e9 | fbff ffff 

  0x0000015687e402e4: ;   {static_stub}
  0x0000015687e402e4: 9048 bb00 | 0000 0000 

  0x0000015687e402ec: ;   {runtime_call}
  0x0000015687e402ec: 0000 00e9 | fbff ffff 

  0x0000015687e402f4: ;   {static_stub}
  0x0000015687e402f4: 9048 bb00 | 0000 0000 

  0x0000015687e402fc: ;   {runtime_call}
  0x0000015687e402fc: 0000 00e9 | fbff ffff 

  0x0000015687e40304: ;   {static_stub}
  0x0000015687e40304: 9048 bb00 | 0000 0000 

  0x0000015687e4030c: ;   {runtime_call}
  0x0000015687e4030c: 0000 00e9 | fbff ffff 

  0x0000015687e40314: ;   {static_stub}
  0x0000015687e40314: 9048 bb00 | 0000 0000 

  0x0000015687e4031c: ;   {runtime_call}
  0x0000015687e4031c: 0000 00e9 | fbff ffff 

  0x0000015687e40324: ;   {static_stub}
  0x0000015687e40324: 9048 bb00 | 0000 0000 

  0x0000015687e4032c: ;   {runtime_call}
  0x0000015687e4032c: 0000 00e9 | fbff ffff 

  0x0000015687e40334: ;   {static_stub}
  0x0000015687e40334: 9048 bb00 | 0000 0000 

  0x0000015687e4033c: ;   {runtime_call}
  0x0000015687e4033c: 0000 00e9 | fbff ffff 

  0x0000015687e40344: ;   {static_stub}
  0x0000015687e40344: 9048 bb00 | 0000 0000 

  0x0000015687e4034c: ;   {runtime_call}
  0x0000015687e4034c: 0000 00e9 | fbff ffff 

  0x0000015687e40354: ;   {static_stub}
  0x0000015687e40354: 9048 bb00 | 0000 0000 

  0x0000015687e4035c: ;   {runtime_call}
  0x0000015687e4035c: 0000 00e9 | fbff ffff 

  0x0000015687e40364: ;   {static_stub}
  0x0000015687e40364: 9048 bb00 | 0000 0000 

  0x0000015687e4036c: ;   {runtime_call}
  0x0000015687e4036c: 0000 00e9 | fbff ffff 

  0x0000015687e40374: ;   {static_stub}
  0x0000015687e40374: 9048 bb00 | 0000 0000 

  0x0000015687e4037c: ;   {runtime_call}
  0x0000015687e4037c: 0000 00e9 | fbff ffff 

  0x0000015687e40384: ;   {static_stub}
  0x0000015687e40384: 9048 bb00 | 0000 0000 

  0x0000015687e4038c: ;   {runtime_call}
  0x0000015687e4038c: 0000 00e9 | fbff ffff 

  0x0000015687e40394: ;   {static_stub}
  0x0000015687e40394: 9048 bb00 | 0000 0000 

  0x0000015687e4039c: ;   {runtime_call}
  0x0000015687e4039c: 0000 00e9 | fbff ffff 

  0x0000015687e403a4: ;   {static_stub}
  0x0000015687e403a4: 9048 bbf0 | 2e42 9156 

  0x0000015687e403ac: ;   {runtime_call I2C/C2I adapters}
  0x0000015687e403ac: 0100 00e9 | 2dd6 ceff 

  0x0000015687e403b4: ;   {static_stub}
  0x0000015687e403b4: 9048 bbb0 | 5043 9156 

  0x0000015687e403bc: ;   {runtime_call I2C/C2I adapters}
  0x0000015687e403bc: 0100 00e9 | 9962 cfff 

  0x0000015687e403c4: ;   {static_stub}
  0x0000015687e403c4: 9048 bba8 | 0c01 9156 

  0x0000015687e403cc: ;   {runtime_call I2C/C2I adapters}
  0x0000015687e403cc: 0100 00e9 | 1773 ceff 
[Exception Handler]
  0x0000015687e403d4: ;   {runtime_call handle_exception_from_callee Runtime1 stub}
  0x0000015687e403d4: e827 2ad9 

  0x0000015687e403d8: ;   {external_word}
  0x0000015687e403d8: ff48 b950 | ba69 58f9 | 7f00 0048 

  0x0000015687e403e4: ;   {runtime_call}
  0x0000015687e403e4: 83e4 f049 | ba00 3432 | 58f9 7f00 | 0041 ffd2 

  0x0000015687e403f4: ;   {section_word}
  0x0000015687e403f4: f449 baf5 | 03e4 8756 | 0100 0041 

  0x0000015687e40400: ;   {runtime_call DeoptimizationBlob}
  0x0000015687e40400: 52e9 9a68 | cfff f4f4 
[/MachCode]


Compiled method (c1) 1485  835   !   1       jdk.internal.loader.BuiltinClassLoader::findClassOnClassPathOrNull (64 bytes)
 total in heap  [0x0000015687e3c790,0x0000015687e3d600] = 3696
 relocation     [0x0000015687e3c8f0,0x0000015687e3ca20] = 304
 main code      [0x0000015687e3ca20,0x0000015687e3d080] = 1632
 stub code      [0x0000015687e3d080,0x0000015687e3d1a8] = 296
 oops           [0x0000015687e3d1a8,0x0000015687e3d1b0] = 8
 metadata       [0x0000015687e3d1b0,0x0000015687e3d200] = 80
 scopes data    [0x0000015687e3d200,0x0000015687e3d3d0] = 464
 scopes pcs     [0x0000015687e3d3d0,0x0000015687e3d5b0] = 480
 dependencies   [0x0000015687e3d5b0,0x0000015687e3d5b8] = 8
 handler table  [0x0000015687e3d5b8,0x0000015687e3d5d0] = 24
 nul chk table  [0x0000015687e3d5d0,0x0000015687e3d600] = 48

[Constant Pool (empty)]

[MachCode]
[Entry Point]
  # {method} {0x0000015691436d00} 'findClassOnClassPathOrNull' '(Ljava/lang/String;)Ljava/lang/Class;' in 'jdk/internal/loader/BuiltinClassLoader'
  # this:     rdx:rdx   = 'jdk/internal/loader/BuiltinClassLoader'
  # parm0:    r8:r8     = 'java/lang/String'
  #           [sp+0x140]  (sp of caller)
  0x0000015687e3ca20: 448b 5208 | 49bb 0000 | 0091 5601 | 0000 4d03 | d34c 3bd0 

  0x0000015687e3ca34: ;   {runtime_call ic_miss_stub}
  0x0000015687e3ca34: 0f85 4646 | cfff 660f | 1f44 0000 
[Verified Entry Point]
  0x0000015687e3ca40: 8984 2400 | 90ff ff55 | 4881 ec30 | 0100 0048 | 8994 24c0 | 0000 004c | 8984 24c8 | 0000 0049 
  0x0000015687e3ca60: 3b00 498b | f041 b82e | 0000 0041 | b92f 0000 | 0048 8bd6 

  0x0000015687e3ca74: ;   {optimized virtual_call}
  0x0000015687e3ca74: 6666 90e8 

  0x0000015687e3ca78: ; ImmutableOopMap {[200]=Oop [192]=Oop }
                      ;*invokevirtual replace {reexecute=0 rethrow=0 return_oop=0}
                      ; - jdk.internal.loader.BuiltinClassLoader::findClassOnClassPathOrNull@5 (line 755)
  0x0000015687e3ca78: 6404 f5ff 

  0x0000015687e3ca7c: ; implicit exception: dispatches to 0x0000015687e3cf86
  0x0000015687e3ca7c: 483b 0048 | 83f8 000f | 8419 0000 | 0048 83f8 | 000f 850a 

  0x0000015687e3ca90: ;   {oop("null"{0x00000000a22a1608})}
  0x0000015687e3ca90: 0000 0048 | b808 162a | a200 0000 | 00e9 0a00 

  0x0000015687e3caa0: ;   {oop("null"{0x00000000a22a1608})}
  0x0000015687e3caa0: 0000 48b8 | 0816 2aa2 | 0000 0000 

  0x0000015687e3caac: ; implicit exception: dispatches to 0x0000015687e3cf8b
  0x0000015687e3caac: 8b50 148b | 720c 83fe | 00ba 0000 | 0000 0f85 | 0500 0000 | ba01 0000 | 0083 e201 | 83fa 000f 
  0x0000015687e3cacc: 8478 0000 

  0x0000015687e3cad0: ;   {metadata('java/lang/String')}
  0x0000015687e3cad0: 0048 bae0 | e900 9156 | 0100 0049 | 8b87 0801 | 0000 488d | 7818 493b | bf18 0100 | 000f 87a2 
  0x0000015687e3caf0: 0400 0049 | 89bf 0801 | 0000 48c7 | 0001 0000 | 0048 8bca | 49ba 0000 | 0091 5601 | 0000 492b 
  0x0000015687e3cb10: ca89 4808 | 4833 c989 | 480c 4833 | c948 8948 

  0x0000015687e3cb20: ;   {oop(".class"{0x00000000a22a6db0})}
  0x0000015687e3cb20: 1049 b8b0 | 6d2a a200 | 0000 0048 | 8bd0 4889 | 8424 d000 

  0x0000015687e3cb34: ;   {optimized virtual_call}
  0x0000015687e3cb34: 0000 90e8 

  0x0000015687e3cb38: ; ImmutableOopMap {[200]=Oop [192]=Oop [208]=Oop }
                      ;*invokespecial <init> {reexecute=0 rethrow=0 return_oop=0}
                      ; - java.lang.StringConcatHelper::simpleConcat@22 (line 411)
                      ; - java.lang.String::concat@11 (line 2774)
                      ; - jdk.internal.loader.BuiltinClassLoader::findClassOnClassPathOrNull@10 (line 755)
  0x0000015687e3cb38: 4448 cfff | 488b b424 | d000 0000 | e92e 0100 | 000f be48 | 10c1 e118 | 4c8b c141 | c1f8 1849 
  0x0000015687e3cb58: 8bc8 d3fe | 4863 f641 | 83f8 010f | 850d 0000 | 0049 ba00 | 0000 0001 | 0000 0049 | 0bf2 8bce 
  0x0000015687e3cb78: 83f9 000f | 8c78 0300 | 0049 c7c2 | 0600 0000 | 4903 f248 | 89b4 24d8 | 0000 0044 | 8bc6 4183 
  0x0000015687e3cb98: f800 0f8c | d102 0000 | b920 0000 | 004c 8bce | 49d3 f945 | 8bc9 450f | bec9 498b | c94d 8bc8 
  0x0000015687e3cbb8: 41d3 e141 | 83f9 0048 | 8984 24e0 | 0000 000f | 8c22 0200 

  0x0000015687e3cbcc: ;   {oop(a 'java/lang/Class'{0x00000000a7070f28} = byte)}
  0x0000015687e3cbcc: 0049 b828 | 0f07 a700 

  0x0000015687e3cbd4: ;   {oop(a 'jdk/internal/misc/Unsafe'{0x00000000a706f898})}
  0x0000015687e3cbd4: 0000 0048 | ba98 f806 | a700 0000 | 0066 0f1f 

  0x0000015687e3cbe4: ;   {optimized virtual_call}
  0x0000015687e3cbe4: 4400 00e8 

  0x0000015687e3cbe8: ; ImmutableOopMap {[200]=Oop [192]=Oop [224]=Oop }
                      ;*invokevirtual allocateUninitializedArray {reexecute=0 rethrow=0 return_oop=0}
                      ; - java.lang.StringConcatHelper::newArray@33 (line 497)
                      ; - java.lang.StringConcatHelper::simpleConcat@61 (line 421)
                      ; - java.lang.String::concat@11 (line 2774)
                      ; - jdk.internal.loader.BuiltinClassLoader::findClassOnClassPathOrNull@10 (line 755)
  0x0000015687e3cbe8: 147f f4ff | 4883 f800 | 0f84 2a00 

  0x0000015687e3cbf4: ;   {metadata({type array byte})}
  0x0000015687e3cbf4: 0000 49b9 | 2867 0091 | 5601 0000 | 448b 4008 | 49ba 0000 | 0091 5601 | 0000 4d03 | c24d 3b48 
  0x0000015687e3cc14: 380f 8587 | 0300 00e9 | 0000 0000 

  0x0000015687e3cc20: ;   {oop(".class"{0x00000000a22a6db0})}
  0x0000015687e3cc20: 488b f049 | b9b0 6d2a | a200 0000 | 0048 8b94 | 24d8 0000 | 004c 8bc6 | 4889 b424 | e800 0000 
  0x0000015687e3cc40: 0f1f 8000 

  0x0000015687e3cc44: ;   {static_call}
  0x0000015687e3cc44: 0000 00e8 

  0x0000015687e3cc48: ; ImmutableOopMap {[200]=Oop [192]=Oop [224]=Oop [232]=Oop }
                      ;*invokestatic prepend {reexecute=0 rethrow=0 return_oop=0}
                      ; - java.lang.StringConcatHelper::simpleConcat@71 (line 424)
                      ; - java.lang.String::concat@11 (line 2774)
                      ; - jdk.internal.loader.BuiltinClassLoader::findClassOnClassPathOrNull@10 (line 755)
  0x0000015687e3cc48: 7458 f5ff | 488b d04c | 8b84 24e8 | 0000 004c | 8b8c 24e0 

  0x0000015687e3cc5c: ;   {static_call}
  0x0000015687e3cc5c: 0000 00e8 

  0x0000015687e3cc60: ; ImmutableOopMap {[200]=Oop [192]=Oop [232]=Oop }
                      ;*invokestatic prepend {reexecute=0 rethrow=0 return_oop=0}
                      ; - java.lang.StringConcatHelper::simpleConcat@81 (line 425)
                      ; - java.lang.String::concat@11 (line 2774)
                      ; - jdk.internal.loader.BuiltinClassLoader::findClassOnClassPathOrNull@10 (line 755)
  0x0000015687e3cc60: 5c58 f5ff | 488b 9424 | e800 0000 

  0x0000015687e3cc6c: ;   {static_call}
  0x0000015687e3cc6c: 4c8b c0e8 

  0x0000015687e3cc70: ; ImmutableOopMap {[200]=Oop [192]=Oop }
                      ;*invokestatic newString {reexecute=0 rethrow=0 return_oop=0}
                      ; - java.lang.StringConcatHelper::simpleConcat@90 (line 426)
                      ; - java.lang.String::concat@11 (line 2774)
                      ; - jdk.internal.loader.BuiltinClassLoader::findClassOnClassPathOrNull@10 (line 755)
  0x0000015687e3cc70: 2cfa f7ff 

  0x0000015687e3cc74: ;   {oop(a 'java/lang/Class'{0x00000000a70008d8} = 'java/lang/System')}
  0x0000015687e3cc74: 488b f049 | b8d8 0800 | a700 0000 | 0045 8b40 | 7c49 83f8 | 000f 8563 | 0000 0048 | 8b94 24c0 
  0x0000015687e3cc94: 0000 008b | 7a58 483b | 074c 8bc6 | 41b9 0000 | 0000 488b | d766 0f1f 

  0x0000015687e3ccac: ;   {optimized virtual_call}
  0x0000015687e3ccac: 4400 00e8 

  0x0000015687e3ccb0: ; ImmutableOopMap {[200]=Oop [192]=Oop }
                      ;*invokevirtual getResource {reexecute=0 rethrow=0 return_oop=0}
                      ; - jdk.internal.loader.BuiltinClassLoader::findClassOnClassPathOrNull@26 (line 757)
  0x0000015687e3ccb0: accd f9ff | 4883 f800 | 0f84 1101 | 0000 4c8b | 8424 c800 | 0000 4c8b | c848 8b94 | 24c0 0000 
  0x0000015687e3ccd0: 0066 0f1f 

  0x0000015687e3ccd4: ;   {optimized virtual_call}
  0x0000015687e3ccd4: 4400 00e8 

  0x0000015687e3ccd8: ; ImmutableOopMap {}
                      ;*invokevirtual defineClass {reexecute=0 rethrow=0 return_oop=0}
                      ; - jdk.internal.loader.BuiltinClassLoader::findClassOnClassPathOrNull@37 (line 760)
  0x0000015687e3ccd8: e42f 0000 | 4881 c430 | 0100 005d 

  0x0000015687e3cce4: ;   {poll_return}
  0x0000015687e3cce4: 493b a750 | 0300 000f | 87bf 0200 | 00c3 660f | 1f44 0000 

  0x0000015687e3ccf8: ;   {no_reloc}
  0x0000015687e3ccf8: e9d8 0200 | 0000 0000 | 0000 e9d8 | 0200 004c | 8b84 24c0 | 0000 004c | 8bce 488b | bc24 c800 
  0x0000015687e3cd18: 0000 488b | d048 8984 | 24f0 0000 

  0x0000015687e3cd24: ;   {optimized virtual_call}
  0x0000015687e3cd24: 0066 90e8 

  0x0000015687e3cd28: ; ImmutableOopMap {[240]=Oop }
                      ;*invokespecial <init> {reexecute=0 rethrow=0 return_oop=0}
                      ; - jdk.internal.loader.BuiltinClassLoader::findClassOnClassPathOrNull@52 (line 768)
  0x0000015687e3cd28: 5446 cfff 

  0x0000015687e3cd2c: ;   {static_call}
  0x0000015687e3cd2c: 6666 90e8 

  0x0000015687e3cd30: ; ImmutableOopMap {[240]=Oop }
                      ;*invokestatic getCallerClass {reexecute=0 rethrow=0 return_oop=0}
                      ; - java.security.AccessController::doPrivileged@2 (line 318)
                      ; - jdk.internal.loader.BuiltinClassLoader::findClassOnClassPathOrNull@57 (line 781)
  0x0000015687e3cd30: 4c4c cfff | 488b 9424 | f000 0000 | 4889 8424 | f800 0000 | 9048 b8ff | ffff ffff 

  0x0000015687e3cd4c: ;   {virtual_call}
  0x0000015687e3cd4c: ffff ffe8 

  0x0000015687e3cd50: ; ImmutableOopMap {[248]=Oop }
                      ;*invokeinterface run {reexecute=0 rethrow=0 return_oop=0}
                      ; - java.security.AccessController::executePrivileged@29 (line 776)
                      ; - java.security.AccessController::doPrivileged@5 (line 318)
                      ; - jdk.internal.loader.BuiltinClassLoader::findClassOnClassPathOrNull@57 (line 781)
  0x0000015687e3cd50: 2c49 cfff | 488b d048 | 8984 2400 

  0x0000015687e3cd5c: ;   {static_call}
  0x0000015687e3cd5c: 0100 00e8 

  0x0000015687e3cd60: ; ImmutableOopMap {[248]=Oop [256]=Oop }
                      ;*invokestatic ensureMaterializedForStackWalk {reexecute=0 rethrow=0 return_oop=0}
                      ; - java.security.AccessController::executePrivileged@56 (line 784)
                      ; - java.security.AccessController::doPrivileged@5 (line 318)
                      ; - jdk.internal.loader.BuiltinClassLoader::findClassOnClassPathOrNull@57 (line 781)
  0x0000015687e3cd60: 1c4c cfff | 488b 8424 | 0001 0000 | 4883 f800 | 0f84 2800 

  0x0000015687e3cd74: ;   {metadata('java/lang/Class')}
  0x0000015687e3cd74: 0000 48bf | 2817 0091 | 5601 0000 | 8b50 0849 | ba00 0000 | 9156 0100 | 0049 03d2 | 483b fa0f 
  0x0000015687e3cd94: 8553 0200 | 00e9 0000 | 0000 4881 | c430 0100 

  0x0000015687e3cda4: ;   {poll_return}
  0x0000015687e3cda4: 005d 493b | a750 0300 | 000f 8742 | 0200 00c3 | 498b 87e0 | 0300 004d | 33d2 4d89 | 97e0 0300 
  0x0000015687e3cdc4: 004d 33d2 | 4d89 97e8 

  0x0000015687e3cdcc: ;   {oop(NULL)}
  0x0000015687e3cdcc: 0300 0048 | b800 0000 | 0000 0000 | 0048 81c4 | 3001 0000 

  0x0000015687e3cde0: ;   {poll_return}
  0x0000015687e3cde0: 5d49 3ba7 | 5003 0000 | 0f87 1d02 

  0x0000015687e3cdec: ;   {metadata('java/lang/OutOfMemoryError')}
  0x0000015687e3cdec: 0000 c348 | bae8 f807 | 9156 0100 | 0049 8b87 | 0801 0000 | 488d 7828 | 493b bf18 | 0100 000f 
  0x0000015687e3ce0c: 8710 0200 | 0049 89bf | 0801 0000 | 48c7 0001 | 0000 0048 | 8bca 49ba | 0000 0091 | 5601 0000 
  0x0000015687e3ce2c: 492b ca89 | 4808 4833 | c989 480c | 4833 c948 | 8948 1048 | 8948 1848 

  0x0000015687e3ce44: ;   {oop("Overflow: String length out of range"{0x00000000a22a16c0})}
  0x0000015687e3ce44: 8948 2049 | b8c0 162a | a200 0000 | 0048 8bd0 | 4889 8424 | 0801 0000 

  0x0000015687e3ce5c: ;   {optimized virtual_call}
  0x0000015687e3ce5c: 6666 90e8 

  0x0000015687e3ce60: ; ImmutableOopMap {[224]=Oop [200]=Oop [192]=Oop [264]=Oop }
                      ;*invokespecial <init> {reexecute=0 rethrow=0 return_oop=0}
                      ; - java.lang.StringConcatHelper::newArray@22 (line 495)
                      ; - java.lang.StringConcatHelper::simpleConcat@61 (line 421)
                      ; - java.lang.String::concat@11 (line 2774)
                      ; - jdk.internal.loader.BuiltinClassLoader::findClassOnClassPathOrNull@10 (line 755)
  0x0000015687e3ce60: 1c45 cfff | 488b 8424 | 0801 0000 | e9f6 0100 | 0048 8984 | 24e0 0000 

  0x0000015687e3ce78: ;   {metadata('java/lang/OutOfMemoryError')}
  0x0000015687e3ce78: 0048 bae8 | f807 9156 | 0100 0049 | 8b87 0801 | 0000 488d | 7828 493b | bf18 0100 | 000f 8793 
  0x0000015687e3ce98: 0100 0049 | 89bf 0801 | 0000 48c7 | 0001 0000 | 0048 8bca | 49ba 0000 | 0091 5601 | 0000 492b 
  0x0000015687e3ceb8: ca89 4808 | 4833 c989 | 480c 4833 | c948 8948 | 1048 8948 | 1848 8948 

  0x0000015687e3ced0: ;   {oop("Overflow: String length out of range"{0x00000000a22a16c0})}
  0x0000015687e3ced0: 2049 b8c0 | 162a a200 | 0000 0048 | 8bd0 4889 | 8424 1001 

  0x0000015687e3cee4: ;   {optimized virtual_call}
  0x0000015687e3cee4: 0000 90e8 

  0x0000015687e3cee8: ; ImmutableOopMap {[192]=Oop [200]=Oop [224]=Oop [272]=Oop }
                      ;*invokespecial <init> {reexecute=0 rethrow=0 return_oop=0}
                      ; - java.lang.StringConcatHelper::checkOverflow@13 (line 57)
                      ; - java.lang.StringConcatHelper::mix@23 (line 138)
                      ; - java.lang.StringConcatHelper::simpleConcat@54 (line 420)
                      ; - java.lang.String::concat@11 (line 2774)
                      ; - jdk.internal.loader.BuiltinClassLoader::findClassOnClassPathOrNull@10 (line 755)
  0x0000015687e3cee8: 9444 cfff | 488b 8424 | 1001 0000 | e96e 0100 | 0048 8984 | 24e0 0000 

  0x0000015687e3cf00: ;   {metadata('java/lang/OutOfMemoryError')}
  0x0000015687e3cf00: 0048 bae8 | f807 9156 | 0100 0049 | 8b87 0801 | 0000 488d | 7828 493b | bf18 0100 | 000f 8718 
  0x0000015687e3cf20: 0100 0049 | 89bf 0801 | 0000 48c7 | 0001 0000 | 0048 8bca | 49ba 0000 | 0091 5601 | 0000 492b 
  0x0000015687e3cf40: ca89 4808 | 4833 c989 | 480c 4833 | c948 8948 | 1048 8948 | 1848 8948 

  0x0000015687e3cf58: ;   {oop("Overflow: String length out of range"{0x00000000a22a16c0})}
  0x0000015687e3cf58: 2049 b8c0 | 162a a200 | 0000 0048 | 8bd0 4889 | 8424 1801 

  0x0000015687e3cf6c: ;   {optimized virtual_call}
  0x0000015687e3cf6c: 0000 90e8 

  0x0000015687e3cf70: ; ImmutableOopMap {[192]=Oop [200]=Oop [280]=Oop [224]=Oop }
                      ;*invokespecial <init> {reexecute=0 rethrow=0 return_oop=0}
                      ; - java.lang.StringConcatHelper::checkOverflow@13 (line 57)
                      ; - java.lang.StringConcatHelper::mix@23 (line 138)
                      ; - java.lang.StringConcatHelper::simpleConcat@46 (line 419)
                      ; - java.lang.String::concat@11 (line 2774)
                      ; - jdk.internal.loader.BuiltinClassLoader::findClassOnClassPathOrNull@10 (line 755)
  0x0000015687e3cf70: 0c44 cfff | 488b 8424 | 1801 0000 | e9e6 0000 

  0x0000015687e3cf80: ;   {runtime_call throw_null_pointer_exception Runtime1 stub}
  0x0000015687e3cf80: 00e8 9a40 

  0x0000015687e3cf84: ; ImmutableOopMap {r8=Oop [200]=Oop [192]=Oop }
                      ;*invokevirtual replace {reexecute=0 rethrow=0 return_oop=0}
                      ; - jdk.internal.loader.BuiltinClassLoader::findClassOnClassPathOrNull@5 (line 755)
                      ;   {runtime_call throw_null_pointer_exception Runtime1 stub}
  0x0000015687e3cf84: d9ff e895 

  0x0000015687e3cf88: ; ImmutableOopMap {[200]=Oop [192]=Oop rax=Oop }
                      ;*invokevirtual concat {reexecute=0 rethrow=0 return_oop=0}
                      ; - jdk.internal.loader.BuiltinClassLoader::findClassOnClassPathOrNull@10 (line 755)
                      ;   {runtime_call throw_null_pointer_exception Runtime1 stub}
  0x0000015687e3cf88: 40d9 ffe8 

  0x0000015687e3cf8c: ; ImmutableOopMap {[200]=Oop [192]=Oop rax=Oop }
                      ;*invokevirtual isEmpty {reexecute=0 rethrow=0 return_oop=0}
                      ; - java.lang.StringConcatHelper::simpleConcat@11 (line 409)
                      ; - java.lang.String::concat@11 (line 2774)
                      ; - jdk.internal.loader.BuiltinClassLoader::findClassOnClassPathOrNull@10 (line 755)
  0x0000015687e3cf8c: 9040 d9ff 

  0x0000015687e3cf90: ;   {runtime_call throw_null_pointer_exception Runtime1 stub}
  0x0000015687e3cf90: e88b 40d9 

  0x0000015687e3cf94: ; ImmutableOopMap {[200]=Oop [192]=Oop rax=Oop }
                      ;*arraylength {reexecute=0 rethrow=0 return_oop=0}
                      ; - java.lang.String::isEmpty@4 (line 1494)
                      ; - java.lang.StringConcatHelper::simpleConcat@11 (line 409)
                      ; - java.lang.String::concat@11 (line 2774)
                      ; - jdk.internal.loader.BuiltinClassLoader::findClassOnClassPathOrNull@10 (line 755)
  0x0000015687e3cf94: ff48 8bd2 

  0x0000015687e3cf98: ;   {runtime_call fast_new_instance Runtime1 stub}
  0x0000015687e3cf98: e863 49d9 

  0x0000015687e3cf9c: ; ImmutableOopMap {[200]=Oop [192]=Oop }
                      ;*new {reexecute=0 rethrow=0 return_oop=0}
                      ; - java.lang.StringConcatHelper::simpleConcat@17 (line 411)
                      ; - java.lang.String::concat@11 (line 2774)
                      ; - jdk.internal.loader.BuiltinClassLoader::findClassOnClassPathOrNull@10 (line 755)
  0x0000015687e3cf9c: ffe9 7ffb | ffff 4889 

  0x0000015687e3cfa4: ;   {runtime_call throw_class_cast_exception Runtime1 stub}
  0x0000015687e3cfa4: 0424 e875 

  0x0000015687e3cfa8: ; ImmutableOopMap {[200]=Oop [192]=Oop [224]=Oop }
                      ;*checkcast {reexecute=0 rethrow=0 return_oop=0}
                      ; - java.lang.StringConcatHelper::newArray@36 (line 497)
                      ; - java.lang.StringConcatHelper::simpleConcat@61 (line 421)
                      ; - java.lang.String::concat@11 (line 2774)
                      ; - jdk.internal.loader.BuiltinClassLoader::findClassOnClassPathOrNull@10 (line 755)
                      ;   {runtime_call throw_null_pointer_exception Runtime1 stub}
  0x0000015687e3cfa8: 64d9 ffe8 

  0x0000015687e3cfac: ; ImmutableOopMap {[200]=Oop rsi=Oop rdx=Oop [192]=Oop rdi=Oop }
                      ;*invokevirtual getResource {reexecute=0 rethrow=0 return_oop=0}
                      ; - jdk.internal.loader.BuiltinClassLoader::findClassOnClassPathOrNull@26 (line 757)
  0x0000015687e3cfac: 7040 d9ff 

  0x0000015687e3cfb0: ;   {internal_word}
  0x0000015687e3cfb0: 49ba e4cc | e387 5601 | 0000 4d89 | 9768 0300 

  0x0000015687e3cfc0: ;   {runtime_call SafepointBlob}
  0x0000015687e3cfc0: 00e9 3aaa 

  0x0000015687e3cfc4: ;   {metadata(NULL)}
  0x0000015687e3cfc4: cfff 48ba | 0000 0000 | 0000 0000 | b800 0f05 

  0x0000015687e3cfd4: ;   {runtime_call load_klass_patching Runtime1 stub}
  0x0000015687e3cfd4: 0ae8 a680 

  0x0000015687e3cfd8: ; ImmutableOopMap {rsi=Oop [200]=Oop [192]=Oop }
                      ;*new {reexecute=1 rethrow=0 return_oop=0}
                      ; - (reexecute) jdk.internal.loader.BuiltinClassLoader::findClassOnClassPathOrNull@45 (line 768)
  0x0000015687e3cfd8: d9ff e919 | fdff ff48 

  0x0000015687e3cfe0: ;   {runtime_call new_instance Runtime1 stub}
  0x0000015687e3cfe0: 8bd2 e819 

  0x0000015687e3cfe4: ; ImmutableOopMap {rsi=Oop [200]=Oop [192]=Oop }
                      ;*new {reexecute=0 rethrow=0 return_oop=0}
                      ; - jdk.internal.loader.BuiltinClassLoader::findClassOnClassPathOrNull@45 (line 768)
  0x0000015687e3cfe4: 46d9 ffe9 | 1bfd ffff | 4889 0424 

  0x0000015687e3cff0: ;   {runtime_call throw_class_cast_exception Runtime1 stub}
  0x0000015687e3cff0: e82b 64d9 

  0x0000015687e3cff4: ; ImmutableOopMap {}
                      ;*checkcast {reexecute=0 rethrow=0 return_oop=0}
                      ; - jdk.internal.loader.BuiltinClassLoader::findClassOnClassPathOrNull@60 (line 781)
                      ;   {internal_word}
  0x0000015687e3cff4: ff49 baa6 | cde3 8756 | 0100 004d | 8997 6803 

  0x0000015687e3d004: ;   {runtime_call SafepointBlob}
  0x0000015687e3d004: 0000 e9f5 

  0x0000015687e3d008: ;   {internal_word}
  0x0000015687e3d008: a9cf ff49 | bae1 cde3 | 8756 0100 | 004d 8997 | 6803 0000 

  0x0000015687e3d01c: ;   {runtime_call SafepointBlob}
  0x0000015687e3d01c: e9df a9cf | ff48 8bd2 

  0x0000015687e3d024: ;   {runtime_call fast_new_instance Runtime1 stub}
  0x0000015687e3d024: e8d7 48d9 

  0x0000015687e3d028: ; ImmutableOopMap {[224]=Oop [200]=Oop [192]=Oop }
                      ;*new {reexecute=0 rethrow=0 return_oop=0}
                      ; - java.lang.StringConcatHelper::newArray@16 (line 495)
                      ; - java.lang.StringConcatHelper::simpleConcat@61 (line 421)
                      ; - java.lang.String::concat@11 (line 2774)
                      ; - jdk.internal.loader.BuiltinClassLoader::findClassOnClassPathOrNull@10 (line 755)
  0x0000015687e3d028: ffe9 19fe | ffff 488b 

  0x0000015687e3d030: ;   {runtime_call fast_new_instance Runtime1 stub}
  0x0000015687e3d030: d2e8 ca48 

  0x0000015687e3d034: ; ImmutableOopMap {[192]=Oop [200]=Oop [224]=Oop }
                      ;*new {reexecute=0 rethrow=0 return_oop=0}
                      ; - java.lang.StringConcatHelper::checkOverflow@7 (line 57)
                      ; - java.lang.StringConcatHelper::mix@23 (line 138)
                      ; - java.lang.StringConcatHelper::simpleConcat@54 (line 420)
                      ; - java.lang.String::concat@11 (line 2774)
                      ; - jdk.internal.loader.BuiltinClassLoader::findClassOnClassPathOrNull@10 (line 755)
  0x0000015687e3d034: d9ff e996 | feff ff48 

  0x0000015687e3d03c: ;   {runtime_call fast_new_instance Runtime1 stub}
  0x0000015687e3d03c: 8bd2 e8bd 

  0x0000015687e3d040: ; ImmutableOopMap {[200]=Oop [192]=Oop [224]=Oop }
                      ;*new {reexecute=0 rethrow=0 return_oop=0}
                      ; - java.lang.StringConcatHelper::checkOverflow@7 (line 57)
                      ; - java.lang.StringConcatHelper::mix@23 (line 138)
                      ; - java.lang.StringConcatHelper::simpleConcat@46 (line 419)
                      ; - java.lang.String::concat@11 (line 2774)
                      ; - jdk.internal.loader.BuiltinClassLoader::findClassOnClassPathOrNull@10 (line 755)
  0x0000015687e3d040: 48d9 ffe9 | 11ff ffff | 9090 498b | 87e0 0300 | 0049 c787 | e003 0000 | 0000 0000 | 49c7 87e8 
  0x0000015687e3d060: 0300 0000 | 0000 0048 | 81c4 3001 

  0x0000015687e3d06c: ;   {runtime_call unwind_exception Runtime1 stub}
  0x0000015687e3d06c: 0000 5de9 | 8c30 d9ff | f4f4 f4f4 | f4f4 f4f4 | f4f4 f4f4 
[Stub Code]
  0x0000015687e3d080: ;   {no_reloc}
  0x0000015687e3d080: 0f1f 4400 

  0x0000015687e3d084: ;   {static_stub}
  0x0000015687e3d084: 0048 bb00 | 0000 0000 

  0x0000015687e3d08c: ;   {runtime_call}
  0x0000015687e3d08c: 0000 00e9 | fbff ffff 

  0x0000015687e3d094: ;   {static_stub}
  0x0000015687e3d094: 9048 bb00 | 0000 0000 

  0x0000015687e3d09c: ;   {runtime_call}
  0x0000015687e3d09c: 0000 00e9 | fbff ffff 

  0x0000015687e3d0a4: ;   {static_stub}
  0x0000015687e3d0a4: 9048 bb00 | 0000 0000 

  0x0000015687e3d0ac: ;   {runtime_call}
  0x0000015687e3d0ac: 0000 00e9 | fbff ffff 

  0x0000015687e3d0b4: ;   {static_stub}
  0x0000015687e3d0b4: 9048 bb00 | 0000 0000 

  0x0000015687e3d0bc: ;   {runtime_call}
  0x0000015687e3d0bc: 0000 00e9 | fbff ffff 

  0x0000015687e3d0c4: ;   {static_stub}
  0x0000015687e3d0c4: 9048 bb00 | 0000 0000 

  0x0000015687e3d0cc: ;   {runtime_call}
  0x0000015687e3d0cc: 0000 00e9 | fbff ffff 

  0x0000015687e3d0d4: ;   {static_stub}
  0x0000015687e3d0d4: 9048 bb00 | 0000 0000 

  0x0000015687e3d0dc: ;   {runtime_call}
  0x0000015687e3d0dc: 0000 00e9 | fbff ffff 

  0x0000015687e3d0e4: ;   {static_stub}
  0x0000015687e3d0e4: 9048 bb00 | 0000 0000 

  0x0000015687e3d0ec: ;   {runtime_call}
  0x0000015687e3d0ec: 0000 00e9 | fbff ffff 

  0x0000015687e3d0f4: ;   {static_stub}
  0x0000015687e3d0f4: 9048 bb00 | 0000 0000 

  0x0000015687e3d0fc: ;   {runtime_call}
  0x0000015687e3d0fc: 0000 00e9 | fbff ffff 

  0x0000015687e3d104: ;   {static_stub}
  0x0000015687e3d104: 9048 bb00 | 0000 0000 

  0x0000015687e3d10c: ;   {runtime_call}
  0x0000015687e3d10c: 0000 00e9 | fbff ffff 

  0x0000015687e3d114: ;   {static_stub}
  0x0000015687e3d114: 9048 bb00 | 0000 0000 

  0x0000015687e3d11c: ;   {runtime_call}
  0x0000015687e3d11c: 0000 00e9 | fbff ffff 

  0x0000015687e3d124: ;   {static_stub}
  0x0000015687e3d124: 9048 bb00 | 0000 0000 

  0x0000015687e3d12c: ;   {runtime_call}
  0x0000015687e3d12c: 0000 00e9 | fbff ffff 

  0x0000015687e3d134: ;   {static_stub}
  0x0000015687e3d134: 9048 bb00 | 0000 0000 

  0x0000015687e3d13c: ;   {runtime_call}
  0x0000015687e3d13c: 0000 00e9 | fbff ffff 

  0x0000015687e3d144: ;   {static_stub}
  0x0000015687e3d144: 9048 bb00 | 0000 0000 

  0x0000015687e3d14c: ;   {runtime_call}
  0x0000015687e3d14c: 0000 00e9 | fbff ffff 

  0x0000015687e3d154: ;   {static_stub}
  0x0000015687e3d154: 9048 bb00 | 0000 0000 

  0x0000015687e3d15c: ;   {runtime_call}
  0x0000015687e3d15c: 0000 00e9 | fbff ffff 

  0x0000015687e3d164: ;   {static_stub}
  0x0000015687e3d164: 9048 bb00 | 0000 0000 

  0x0000015687e3d16c: ;   {runtime_call}
  0x0000015687e3d16c: 0000 00e9 | fbff ffff 
[Exception Handler]
  0x0000015687e3d174: ;   {runtime_call handle_exception_from_callee Runtime1 stub}
  0x0000015687e3d174: e887 5cd9 

  0x0000015687e3d178: ;   {external_word}
  0x0000015687e3d178: ff48 b950 | ba69 58f9 | 7f00 0048 

  0x0000015687e3d184: ;   {runtime_call}
  0x0000015687e3d184: 83e4 f049 | ba00 3432 | 58f9 7f00 | 0041 ffd2 

  0x0000015687e3d194: ;   {section_word}
  0x0000015687e3d194: f449 ba95 | d1e3 8756 | 0100 0041 

  0x0000015687e3d1a0: ;   {runtime_call DeoptimizationBlob}
  0x0000015687e3d1a0: 52e9 fa9a | cfff f4f4 
[/MachCode]


---------------  P R O C E S S  ---------------

Threads class SMR info:
_java_thread_list=0x0000015690290bd0, length=14, elements={
0x00000156ff8e8020, 0x000001568ffa96b0, 0x000001568ffaa440, 0x000001568ffbf8b0,
0x000001568ffc0a50, 0x000001568ffc4340, 0x000001568ffc4c10, 0x000001568ffc5590,
0x000001568ffc62b0, 0x000001569004e690, 0x00000156900ca040, 0x00000156900cc750,
0x0000015690632fd0, 0x00000156906334b0
}

Java Threads: ( => current thread )
=>0x00000156ff8e8020 JavaThread "main" [_thread_in_vm, id=20012, stack(0x00000018f5500000,0x00000018f5600000)]
  0x000001568ffa96b0 JavaThread "Reference Handler" daemon [_thread_blocked, id=1612, stack(0x00000018f5c00000,0x00000018f5d00000)]
  0x000001568ffaa440 JavaThread "Finalizer" daemon [_thread_blocked, id=14776, stack(0x00000018f5d00000,0x00000018f5e00000)]
  0x000001568ffbf8b0 JavaThread "Signal Dispatcher" daemon [_thread_blocked, id=11008, stack(0x00000018f5e00000,0x00000018f5f00000)]
  0x000001568ffc0a50 JavaThread "Attach Listener" daemon [_thread_blocked, id=12876, stack(0x00000018f5f00000,0x00000018f6000000)]
  0x000001568ffc4340 JavaThread "Service Thread" daemon [_thread_blocked, id=9932, stack(0x00000018f6000000,0x00000018f6100000)]
  0x000001568ffc4c10 JavaThread "Monitor Deflation Thread" daemon [_thread_blocked, id=2736, stack(0x00000018f6100000,0x00000018f6200000)]
  0x000001568ffc5590 JavaThread "C1 CompilerThread0" daemon [_thread_blocked, id=15308, stack(0x00000018f6200000,0x00000018f6300000)]
  0x000001568ffc62b0 JavaThread "Sweeper thread" daemon [_thread_blocked, id=9188, stack(0x00000018f6300000,0x00000018f6400000)]
  0x000001569004e690 JavaThread "Common-Cleaner" daemon [_thread_blocked, id=20512, stack(0x00000018f6400000,0x00000018f6500000)]
  0x00000156900ca040 JavaThread "C1 CompilerThread1" daemon [_thread_blocked, id=3988, stack(0x00000018f6500000,0x00000018f6600000)]
  0x00000156900cc750 JavaThread "C1 CompilerThread2" daemon [_thread_blocked, id=3064, stack(0x00000018f6600000,0x00000018f6700000)]
  0x0000015690632fd0 JavaThread "Monitor Ctrl-Break" daemon [_thread_in_native, id=2596, stack(0x00000018f6700000,0x00000018f6800000)]
  0x00000156906334b0 JavaThread "Notification Thread" daemon [_thread_blocked, id=11176, stack(0x00000018f6800000,0x00000018f6900000)]

Other Threads:
  0x000001568ffa3090 VMThread "VM Thread" [stack: 0x00000018f5b00000,0x00000018f5c00000] [id=10836]
  0x00000156905a0e80 WatcherThread [stack: 0x00000018f6900000,0x00000018f6a00000] [id=5560]
  0x00000156ff9335c0 GCTaskThread "GC Thread#0" [stack: 0x00000018f5600000,0x00000018f5700000] [id=20848]
  0x00000156908ee150 GCTaskThread "GC Thread#1" [stack: 0x00000018f6a00000,0x00000018f6b00000] [id=13136]
  0x0000015690906090 GCTaskThread "GC Thread#2" [stack: 0x00000018f6b00000,0x00000018f6c00000] [id=18052]
  0x0000015690936430 GCTaskThread "GC Thread#3" [stack: 0x00000018f6c00000,0x00000018f6d00000] [id=20872]
  0x00000156ff940070 ConcurrentGCThread "G1 Main Marker" [stack: 0x00000018f5700000,0x00000018f5800000] [id=19712]
  0x00000156ff940a70 ConcurrentGCThread "G1 Conc#0" [stack: 0x00000018f5800000,0x00000018f5900000] [id=15080]
  0x00000156ff9800e0 ConcurrentGCThread "G1 Refine#0" [stack: 0x00000018f5900000,0x00000018f5a00000] [id=20224]
  0x00000156ff980a30 ConcurrentGCThread "G1 Service" [stack: 0x00000018f5a00000,0x00000018f5b00000] [id=9308]

Threads with active compile tasks:

VM state: not at safepoint (normal execution)

VM Mutex/Monitor currently owned by a thread:  ([mutex/lock_event])
[0x00000156ff8e06a0] Metaspace_lock - owner thread: 0x00000156ff8e8020

Heap address: 0x00000000a1e00000, size: 1506 MB, Compressed Oops mode: 32-bit

CDS archive(s) mapped at: [0x0000015691000000-0x0000015691bb0000-0x0000015691bb0000), size 12255232, SharedBaseAddress: 0x0000015691000000, ArchiveRelocationMode: 1.
Compressed class space mapped at: 0x0000015692000000-0x00000156d2000000, reserved size: 1073741824
Narrow klass base: 0x0000015691000000, Narrow klass shift: 0, Narrow klass range: 0x100000000

GC Precious Log:
 CPUs: 4 total, 4 available
 Memory: 6020M
 Large Page Support: Disabled
 NUMA Support: Disabled
 Compressed Oops: Enabled (32-bit)
 Heap Region Size: 1M
 Heap Min Capacity: 8M
 Heap Initial Capacity: 96M
 Heap Max Capacity: 1506M
 Pre-touch: Disabled
 Parallel Workers: 4
 Concurrent Workers: 1
 Concurrent Refinement Workers: 4
 Periodic GC: Disabled

Heap:
 garbage-first heap   total 98304K, used 9957K [0x00000000a1e00000, 0x0000000100000000)
  region size 1024K, 6 young (6144K), 2 survivors (2048K)
 Metaspace       used 2851K, committed 3008K, reserved 1114112K
  class space    used 355K, committed 448K, reserved 1048576K

Heap Regions: E=young(eden), S=young(survivor), O=old, HS=humongous(starts), HC=humongous(continues), CS=collection set, F=free, OA=open archive, CA=closed archive, TAMS=top-at-mark-start (previous, next)
|   0|0x00000000a1e00000, 0x00000000a1f00000, 0x00000000a1f00000|100%|HS|  |TAMS 0x00000000a1e00000, 0x00000000a1e00000| Complete 
|   1|0x00000000a1f00000, 0x00000000a2000000, 0x00000000a2000000|100%| O|  |TAMS 0x00000000a1f00000, 0x00000000a1f00000| Untracked 
|   2|0x00000000a2000000, 0x00000000a2100000, 0x00000000a2100000|100%| O|  |TAMS 0x00000000a2000000, 0x00000000a2000000| Untracked 
|   3|0x00000000a2100000, 0x00000000a2200000, 0x00000000a2200000|100%| O|  |TAMS 0x00000000a2100000, 0x00000000a2100000| Untracked 
|   4|0x00000000a2200000, 0x00000000a22b9400, 0x00000000a2300000| 72%| O|  |TAMS 0x00000000a2200000, 0x00000000a2200000| Untracked 
|   5|0x00000000a2300000, 0x00000000a2300000, 0x00000000a2400000|  0%| F|  |TAMS 0x00000000a2300000, 0x00000000a2300000| Untracked 
|   6|0x00000000a2400000, 0x00000000a2400000, 0x00000000a2500000|  0%| F|  |TAMS 0x00000000a2400000, 0x00000000a2400000| Untracked 
|   7|0x00000000a2500000, 0x00000000a2500000, 0x00000000a2600000|  0%| F|  |TAMS 0x00000000a2500000, 0x00000000a2500000| Untracked 
|   8|0x00000000a2600000, 0x00000000a2600000, 0x00000000a2700000|  0%| F|  |TAMS 0x00000000a2600000, 0x00000000a2600000| Untracked 
|   9|0x00000000a2700000, 0x00000000a2700000, 0x00000000a2800000|  0%| F|  |TAMS 0x00000000a2700000, 0x00000000a2700000| Untracked 
|  10|0x00000000a2800000, 0x00000000a2800000, 0x00000000a2900000|  0%| F|  |TAMS 0x00000000a2800000, 0x00000000a2800000| Untracked 
|  11|0x00000000a2900000, 0x00000000a2900000, 0x00000000a2a00000|  0%| F|  |TAMS 0x00000000a2900000, 0x00000000a2900000| Untracked 
|  12|0x00000000a2a00000, 0x00000000a2a00000, 0x00000000a2b00000|  0%| F|  |TAMS 0x00000000a2a00000, 0x00000000a2a00000| Untracked 
|  13|0x00000000a2b00000, 0x00000000a2b00000, 0x00000000a2c00000|  0%| F|  |TAMS 0x00000000a2b00000, 0x00000000a2b00000| Untracked 
|  14|0x00000000a2c00000, 0x00000000a2c00000, 0x00000000a2d00000|  0%| F|  |TAMS 0x00000000a2c00000, 0x00000000a2c00000| Untracked 
|  15|0x00000000a2d00000, 0x00000000a2d00000, 0x00000000a2e00000|  0%| F|  |TAMS 0x00000000a2d00000, 0x00000000a2d00000| Untracked 
|  16|0x00000000a2e00000, 0x00000000a2e00000, 0x00000000a2f00000|  0%| F|  |TAMS 0x00000000a2e00000, 0x00000000a2e00000| Untracked 
|  17|0x00000000a2f00000, 0x00000000a2f00000, 0x00000000a3000000|  0%| F|  |TAMS 0x00000000a2f00000, 0x00000000a2f00000| Untracked 
|  18|0x00000000a3000000, 0x00000000a3000000, 0x00000000a3100000|  0%| F|  |TAMS 0x00000000a3000000, 0x00000000a3000000| Untracked 
|  19|0x00000000a3100000, 0x00000000a3100000, 0x00000000a3200000|  0%| F|  |TAMS 0x00000000a3100000, 0x00000000a3100000| Untracked 
|  20|0x00000000a3200000, 0x00000000a3200000, 0x00000000a3300000|  0%| F|  |TAMS 0x00000000a3200000, 0x00000000a3200000| Untracked 
|  21|0x00000000a3300000, 0x00000000a3300000, 0x00000000a3400000|  0%| F|  |TAMS 0x00000000a3300000, 0x00000000a3300000| Untracked 
|  22|0x00000000a3400000, 0x00000000a3400000, 0x00000000a3500000|  0%| F|  |TAMS 0x00000000a3400000, 0x00000000a3400000| Untracked 
|  23|0x00000000a3500000, 0x00000000a3500000, 0x00000000a3600000|  0%| F|  |TAMS 0x00000000a3500000, 0x00000000a3500000| Untracked 
|  24|0x00000000a3600000, 0x00000000a3600000, 0x00000000a3700000|  0%| F|  |TAMS 0x00000000a3600000, 0x00000000a3600000| Untracked 
|  25|0x00000000a3700000, 0x00000000a3700000, 0x00000000a3800000|  0%| F|  |TAMS 0x00000000a3700000, 0x00000000a3700000| Untracked 
|  26|0x00000000a3800000, 0x00000000a3800000, 0x00000000a3900000|  0%| F|  |TAMS 0x00000000a3800000, 0x00000000a3800000| Untracked 
|  27|0x00000000a3900000, 0x00000000a3900000, 0x00000000a3a00000|  0%| F|  |TAMS 0x00000000a3900000, 0x00000000a3900000| Untracked 
|  28|0x00000000a3a00000, 0x00000000a3a00000, 0x00000000a3b00000|  0%| F|  |TAMS 0x00000000a3a00000, 0x00000000a3a00000| Untracked 
|  29|0x00000000a3b00000, 0x00000000a3b00000, 0x00000000a3c00000|  0%| F|  |TAMS 0x00000000a3b00000, 0x00000000a3b00000| Untracked 
|  30|0x00000000a3c00000, 0x00000000a3c00000, 0x00000000a3d00000|  0%| F|  |TAMS 0x00000000a3c00000, 0x00000000a3c00000| Untracked 
|  31|0x00000000a3d00000, 0x00000000a3d00000, 0x00000000a3e00000|  0%| F|  |TAMS 0x00000000a3d00000, 0x00000000a3d00000| Untracked 
|  32|0x00000000a3e00000, 0x00000000a3e00000, 0x00000000a3f00000|  0%| F|  |TAMS 0x00000000a3e00000, 0x00000000a3e00000| Untracked 
|  33|0x00000000a3f00000, 0x00000000a3f00000, 0x00000000a4000000|  0%| F|  |TAMS 0x00000000a3f00000, 0x00000000a3f00000| Untracked 
|  34|0x00000000a4000000, 0x00000000a4000000, 0x00000000a4100000|  0%| F|  |TAMS 0x00000000a4000000, 0x00000000a4000000| Untracked 
|  35|0x00000000a4100000, 0x00000000a4100000, 0x00000000a4200000|  0%| F|  |TAMS 0x00000000a4100000, 0x00000000a4100000| Untracked 
|  36|0x00000000a4200000, 0x00000000a4200000, 0x00000000a4300000|  0%| F|  |TAMS 0x00000000a4200000, 0x00000000a4200000| Untracked 
|  37|0x00000000a4300000, 0x00000000a4300000, 0x00000000a4400000|  0%| F|  |TAMS 0x00000000a4300000, 0x00000000a4300000| Untracked 
|  38|0x00000000a4400000, 0x00000000a4400000, 0x00000000a4500000|  0%| F|  |TAMS 0x00000000a4400000, 0x00000000a4400000| Untracked 
|  39|0x00000000a4500000, 0x00000000a4500000, 0x00000000a4600000|  0%| F|  |TAMS 0x00000000a4500000, 0x00000000a4500000| Untracked 
|  40|0x00000000a4600000, 0x00000000a4600000, 0x00000000a4700000|  0%| F|  |TAMS 0x00000000a4600000, 0x00000000a4600000| Untracked 
|  41|0x00000000a4700000, 0x00000000a4700000, 0x00000000a4800000|  0%| F|  |TAMS 0x00000000a4700000, 0x00000000a4700000| Untracked 
|  42|0x00000000a4800000, 0x00000000a4800000, 0x00000000a4900000|  0%| F|  |TAMS 0x00000000a4800000, 0x00000000a4800000| Untracked 
|  43|0x00000000a4900000, 0x00000000a4900000, 0x00000000a4a00000|  0%| F|  |TAMS 0x00000000a4900000, 0x00000000a4900000| Untracked 
|  44|0x00000000a4a00000, 0x00000000a4a00000, 0x00000000a4b00000|  0%| F|  |TAMS 0x00000000a4a00000, 0x00000000a4a00000| Untracked 
|  45|0x00000000a4b00000, 0x00000000a4b00000, 0x00000000a4c00000|  0%| F|  |TAMS 0x00000000a4b00000, 0x00000000a4b00000| Untracked 
|  46|0x00000000a4c00000, 0x00000000a4c00000, 0x00000000a4d00000|  0%| F|  |TAMS 0x00000000a4c00000, 0x00000000a4c00000| Untracked 
|  47|0x00000000a4d00000, 0x00000000a4d00000, 0x00000000a4e00000|  0%| F|  |TAMS 0x00000000a4d00000, 0x00000000a4d00000| Untracked 
|  48|0x00000000a4e00000, 0x00000000a4e00000, 0x00000000a4f00000|  0%| F|  |TAMS 0x00000000a4e00000, 0x00000000a4e00000| Untracked 
|  49|0x00000000a4f00000, 0x00000000a4f00000, 0x00000000a5000000|  0%| F|  |TAMS 0x00000000a4f00000, 0x00000000a4f00000| Untracked 
|  50|0x00000000a5000000, 0x00000000a5000000, 0x00000000a5100000|  0%| F|  |TAMS 0x00000000a5000000, 0x00000000a5000000| Untracked 
|  51|0x00000000a5100000, 0x00000000a5100000, 0x00000000a5200000|  0%| F|  |TAMS 0x00000000a5100000, 0x00000000a5100000| Untracked 
|  52|0x00000000a5200000, 0x00000000a5200000, 0x00000000a5300000|  0%| F|  |TAMS 0x00000000a5200000, 0x00000000a5200000| Untracked 
|  53|0x00000000a5300000, 0x00000000a5300000, 0x00000000a5400000|  0%| F|  |TAMS 0x00000000a5300000, 0x00000000a5300000| Untracked 
|  54|0x00000000a5400000, 0x00000000a5400000, 0x00000000a5500000|  0%| F|  |TAMS 0x00000000a5400000, 0x00000000a5400000| Untracked 
|  55|0x00000000a5500000, 0x00000000a5500000, 0x00000000a5600000|  0%| F|  |TAMS 0x00000000a5500000, 0x00000000a5500000| Untracked 
|  56|0x00000000a5600000, 0x00000000a5600000, 0x00000000a5700000|  0%| F|  |TAMS 0x00000000a5600000, 0x00000000a5600000| Untracked 
|  57|0x00000000a5700000, 0x00000000a5700000, 0x00000000a5800000|  0%| F|  |TAMS 0x00000000a5700000, 0x00000000a5700000| Untracked 
|  58|0x00000000a5800000, 0x00000000a5800000, 0x00000000a5900000|  0%| F|  |TAMS 0x00000000a5800000, 0x00000000a5800000| Untracked 
|  59|0x00000000a5900000, 0x00000000a5900000, 0x00000000a5a00000|  0%| F|  |TAMS 0x00000000a5900000, 0x00000000a5900000| Untracked 
|  60|0x00000000a5a00000, 0x00000000a5a00000, 0x00000000a5b00000|  0%| F|  |TAMS 0x00000000a5a00000, 0x00000000a5a00000| Untracked 
|  61|0x00000000a5b00000, 0x00000000a5b00000, 0x00000000a5c00000|  0%| F|  |TAMS 0x00000000a5b00000, 0x00000000a5b00000| Untracked 
|  62|0x00000000a5c00000, 0x00000000a5c00000, 0x00000000a5d00000|  0%| F|  |TAMS 0x00000000a5c00000, 0x00000000a5c00000| Untracked 
|  63|0x00000000a5d00000, 0x00000000a5d00000, 0x00000000a5e00000|  0%| F|  |TAMS 0x00000000a5d00000, 0x00000000a5d00000| Untracked 
|  64|0x00000000a5e00000, 0x00000000a5e00000, 0x00000000a5f00000|  0%| F|  |TAMS 0x00000000a5e00000, 0x00000000a5e00000| Untracked 
|  65|0x00000000a5f00000, 0x00000000a5f00000, 0x00000000a6000000|  0%| F|  |TAMS 0x00000000a5f00000, 0x00000000a5f00000| Untracked 
|  66|0x00000000a6000000, 0x00000000a6000000, 0x00000000a6100000|  0%| F|  |TAMS 0x00000000a6000000, 0x00000000a6000000| Untracked 
|  67|0x00000000a6100000, 0x00000000a6100000, 0x00000000a6200000|  0%| F|  |TAMS 0x00000000a6100000, 0x00000000a6100000| Untracked 
|  68|0x00000000a6200000, 0x00000000a6200000, 0x00000000a6300000|  0%| F|  |TAMS 0x00000000a6200000, 0x00000000a6200000| Untracked 
|  69|0x00000000a6300000, 0x00000000a6300000, 0x00000000a6400000|  0%| F|  |TAMS 0x00000000a6300000, 0x00000000a6300000| Untracked 
|  70|0x00000000a6400000, 0x00000000a6400000, 0x00000000a6500000|  0%| F|  |TAMS 0x00000000a6400000, 0x00000000a6400000| Untracked 
|  71|0x00000000a6500000, 0x00000000a6500000, 0x00000000a6600000|  0%| F|  |TAMS 0x00000000a6500000, 0x00000000a6500000| Untracked 
|  72|0x00000000a6600000, 0x00000000a6600000, 0x00000000a6700000|  0%| F|  |TAMS 0x00000000a6600000, 0x00000000a6600000| Untracked 
|  73|0x00000000a6700000, 0x00000000a6700000, 0x00000000a6800000|  0%| F|  |TAMS 0x00000000a6700000, 0x00000000a6700000| Untracked 
|  74|0x00000000a6800000, 0x00000000a6800000, 0x00000000a6900000|  0%| F|  |TAMS 0x00000000a6800000, 0x00000000a6800000| Untracked 
|  75|0x00000000a6900000, 0x00000000a6900000, 0x00000000a6a00000|  0%| F|  |TAMS 0x00000000a6900000, 0x00000000a6900000| Untracked 
|  76|0x00000000a6a00000, 0x00000000a6a00000, 0x00000000a6b00000|  0%| F|  |TAMS 0x00000000a6a00000, 0x00000000a6a00000| Untracked 
|  77|0x00000000a6b00000, 0x00000000a6b00000, 0x00000000a6c00000|  0%| F|  |TAMS 0x00000000a6b00000, 0x00000000a6b00000| Untracked 
|  78|0x00000000a6c00000, 0x00000000a6c00000, 0x00000000a6d00000|  0%| F|  |TAMS 0x00000000a6c00000, 0x00000000a6c00000| Untracked 
|  79|0x00000000a6d00000, 0x00000000a6d00000, 0x00000000a6e00000|  0%| F|  |TAMS 0x00000000a6d00000, 0x00000000a6d00000| Untracked 
|  80|0x00000000a6e00000, 0x00000000a6e00000, 0x00000000a6f00000|  0%| F|  |TAMS 0x00000000a6e00000, 0x00000000a6e00000| Untracked 
|  81|0x00000000a6f00000, 0x00000000a7000000, 0x00000000a7000000|100%| S|CS|TAMS 0x00000000a6f00000, 0x00000000a6f00000| Complete 
|  82|0x00000000a7000000, 0x00000000a7100000, 0x00000000a7100000|100%| S|CS|TAMS 0x00000000a7000000, 0x00000000a7000000| Complete 
|  83|0x00000000a7100000, 0x00000000a7100000, 0x00000000a7200000|  0%| F|  |TAMS 0x00000000a7100000, 0x00000000a7100000| Untracked 
|  84|0x00000000a7200000, 0x00000000a7200000, 0x00000000a7300000|  0%| F|  |TAMS 0x00000000a7200000, 0x00000000a7200000| Untracked 
|  85|0x00000000a7300000, 0x00000000a7300000, 0x00000000a7400000|  0%| F|  |TAMS 0x00000000a7300000, 0x00000000a7300000| Untracked 
|  86|0x00000000a7400000, 0x00000000a7400000, 0x00000000a7500000|  0%| F|  |TAMS 0x00000000a7400000, 0x00000000a7400000| Untracked 
|  87|0x00000000a7500000, 0x00000000a7500000, 0x00000000a7600000|  0%| F|  |TAMS 0x00000000a7500000, 0x00000000a7500000| Untracked 
|  88|0x00000000a7600000, 0x00000000a7600000, 0x00000000a7700000|  0%| F|  |TAMS 0x00000000a7600000, 0x00000000a7600000| Untracked 
|  89|0x00000000a7700000, 0x00000000a7700000, 0x00000000a7800000|  0%| F|  |TAMS 0x00000000a7700000, 0x00000000a7700000| Untracked 
|  90|0x00000000a7800000, 0x00000000a7800000, 0x00000000a7900000|  0%| F|  |TAMS 0x00000000a7800000, 0x00000000a7800000| Untracked 
|  91|0x00000000a7900000, 0x00000000a7900000, 0x00000000a7a00000|  0%| F|  |TAMS 0x00000000a7900000, 0x00000000a7900000| Untracked 
|  92|0x00000000a7a00000, 0x00000000a7a756b0, 0x00000000a7b00000| 45%| E|  |TAMS 0x00000000a7a00000, 0x00000000a7a00000| Complete 
|  93|0x00000000a7b00000, 0x00000000a7c00000, 0x00000000a7c00000|100%| E|CS|TAMS 0x00000000a7b00000, 0x00000000a7b00000| Complete 
|  94|0x00000000a7c00000, 0x00000000a7d00000, 0x00000000a7d00000|100%| E|CS|TAMS 0x00000000a7c00000, 0x00000000a7c00000| Complete 
|  95|0x00000000a7d00000, 0x00000000a7e00000, 0x00000000a7e00000|100%| E|CS|TAMS 0x00000000a7d00000, 0x00000000a7d00000| Complete 

Card table byte_map: [0x00000156ff990000,0x00000156ffc90000] _byte_map_base: 0x00000156ff481000

Marking Bits (Prev, Next): (CMBitMap*) 0x00000156ff933b00, (CMBitMap*) 0x00000156ff933b40
 Prev Bits: [0x000001568aae0000, 0x000001568c268000)
 Next Bits: [0x000001568c270000, 0x000001568d9f8000)

Polling page: 0x00000156fd890000

Metaspace:

Usage:
  Non-class:      2.44 MB used.
      Class:    355.82 KB used.
       Both:      2.78 MB used.

Virtual space:
  Non-class space:       64.00 MB reserved,       2.50 MB (  4%) committed,  1 nodes.
      Class space:        1.00 GB reserved,     448.00 KB ( <1%) committed,  1 nodes.
             Both:        1.06 GB reserved,       2.94 MB ( <1%) committed. 

Chunk freelists:
   Non-Class:  10.55 MB
       Class:  15.52 MB
        Both:  26.06 MB

MaxMetaspaceSize: unlimited
CompressedClassSpaceSize: 1.00 GB
Initial GC threshold: 21.00 MB
Current GC threshold: 21.00 MB
CDS: on
MetaspaceReclaimPolicy: balanced
 - commit_granule_bytes: 65536.
 - commit_granule_words: 8192.
 - virtual_space_node_default_size: 8388608.
 - enlarge_chunks_in_place: 1.
 - new_chunks_are_fully_committed: 0.
 - uncommit_free_chunks: 1.
 - use_allocation_guard: 0.
 - handle_deallocations: 1.


Internal statistics:

num_allocs_failed_limit: 0.
num_arena_births: 72.
num_arena_deaths: 0.
num_vsnodes_births: 2.
num_vsnodes_deaths: 0.
num_space_committed: 47.
num_space_uncommitted: 0.
num_chunks_returned_to_freelist: 0.
num_chunks_taken_from_freelist: 161.
num_chunk_merges: 0.
num_chunk_splits: 103.
num_chunks_enlarged: 74.
num_inconsistent_stats: 0.

CodeCache: size=49152Kb used=3500Kb max_used=3500Kb free=45651Kb
 bounds [0x0000015687ae0000, 0x0000015687e50000, 0x000001568aae0000]
 total_blobs=1283 nmethods=866 adapters=343
 compilation: enabled
              stopped_count=0, restarted_count=0
 full_count=0

Compilation events (20 events):
Event: 1.014 Thread 0x000001568ffc5590  858       1       java.util.jar.JarFile::getManifest (5 bytes)
Event: 1.014 Thread 0x000001568ffc5590 nmethod 858 0x0000015687e45990 code [0x0000015687e45b20, 0x0000015687e45c08]
Event: 1.014 Thread 0x000001568ffc5590  859   !   1       java.util.jar.JarFile::getManifestFromReference (197 bytes)
Event: 1.014 Thread 0x00000156900ca040 nmethod 855 0x0000015687e45c90 code [0x0000015687e45e80, 0x0000015687e46128]
Event: 1.014 Thread 0x00000156900ca040  860       1       java.util.jar.JavaUtilJarAccessImpl::getTrustedAttributes (6 bytes)
Event: 1.014 Thread 0x00000156900ca040 nmethod 860 0x0000015687e46390 code [0x0000015687e46540, 0x0000015687e46628]
Event: 1.014 Thread 0x00000156900ca040  861       1       java.util.jar.Manifest::getTrustedAttributes (57 bytes)
Event: 1.015 Thread 0x00000156900cc750 nmethod 857 0x0000015687e46710 code [0x0000015687e46960, 0x0000015687e47068]
Event: 1.015 Thread 0x00000156900cc750  862       1       jdk.internal.loader.URLClassPath$JarLoader$2::getInputStream (15 bytes)
Event: 1.015 Thread 0x00000156900cc750 nmethod 862 0x0000015687e47410 code [0x0000015687e475c0, 0x0000015687e476a8]
Event: 1.015 Thread 0x00000156900cc750  863       1       jdk.internal.loader.URLClassPath$JarLoader$2::getCodeSigners (8 bytes)
Event: 1.015 Thread 0x00000156900cc750 nmethod 863 0x0000015687e47790 code [0x0000015687e47940, 0x0000015687e47a28]
Event: 1.015 Thread 0x00000156900cc750  864   !   1       java.util.jar.JarFile$JarFileEntry::getCodeSigners (81 bytes)
Event: 1.015 Thread 0x00000156900ca040 nmethod 861 0x0000015687e47a90 code [0x0000015687e47ca0, 0x0000015687e48158]
Event: 1.015 Thread 0x00000156900cc750 nmethod 864 0x0000015687e48390 code [0x0000015687e48580, 0x0000015687e488c8]
Event: 1.015 Thread 0x000001568ffc5590 nmethod 859 0x0000015687e48a90 code [0x0000015687e48d20, 0x0000015687e49838]
Event: 1.023 Thread 0x000001568ffc5590  865       1       java.security.SecureClassLoader$CodeSourceKey::equals (60 bytes)
Event: 1.023 Thread 0x00000156900cc750  866       1       java.security.CodeSource::matchCerts (254 bytes)
Event: 1.024 Thread 0x000001568ffc5590 nmethod 865 0x0000015687e4a110 code [0x0000015687e4a2e0, 0x0000015687e4a578]
Event: 1.024 Thread 0x00000156900cc750 nmethod 866 0x0000015687e4a710 code [0x0000015687e4a920, 0x0000015687e4ae38]

GC Heap History (2 events):
Event: 0.835 GC heap before
{Heap before GC invocations=0 (full 0):
 garbage-first heap   total 98304K, used 14336K [0x00000000a1e00000, 0x0000000100000000)
  region size 1024K, 13 young (13312K), 0 survivors (0K)
 Metaspace       used 2140K, committed 2240K, reserved 1114112K
  class space    used 241K, committed 320K, reserved 1048576K
}
Event: 0.844 GC heap after
{Heap after GC invocations=1 (full 0):
 garbage-first heap   total 98304K, used 6885K [0x00000000a1e00000, 0x0000000100000000)
  region size 1024K, 2 young (2048K), 2 survivors (2048K)
 Metaspace       used 2140K, committed 2240K, reserved 1114112K
  class space    used 241K, committed 320K, reserved 1048576K
}

Dll operation events (9 events):
Event: 0.028 Loaded shared library C:\Users\Aman Kumar\.jdks\ms-17.0.19\bin\java.dll
Event: 0.100 Loaded shared library C:\Users\Aman Kumar\.jdks\ms-17.0.19\bin\jsvml.dll
Event: 0.469 Loaded shared library C:\Users\Aman Kumar\.jdks\ms-17.0.19\bin\zip.dll
Event: 0.472 Loaded shared library C:\Users\Aman Kumar\.jdks\ms-17.0.19\bin\instrument.dll
Event: 0.483 Loaded shared library C:\Users\Aman Kumar\.jdks\ms-17.0.19\bin\net.dll
Event: 0.485 Loaded shared library C:\Users\Aman Kumar\.jdks\ms-17.0.19\bin\nio.dll
Event: 0.489 Loaded shared library C:\Users\Aman Kumar\.jdks\ms-17.0.19\bin\zip.dll
Event: 0.655 Loaded shared library C:\Users\Aman Kumar\.jdks\ms-17.0.19\bin\extnet.dll
Event: 0.691 Loaded shared library C:\Users\Aman Kumar\.jdks\ms-17.0.19\bin\jimage.dll

Deoptimization events (0 events):
No events

Classes loaded (20 events):
Event: 0.951 Loading class sun/util/calendar/ZoneInfoFile$Checksum
Event: 0.951 Loading class sun/util/calendar/ZoneInfoFile$Checksum done
Event: 0.951 Loading class java/time/zone/ZoneRulesProvider
Event: 0.952 Loading class java/time/zone/ZoneRulesProvider done
Event: 0.952 Loading class java/time/zone/ZoneRulesProvider$1
Event: 0.952 Loading class java/time/zone/ZoneRulesProvider$1 done
Event: 0.952 Loading class java/time/zone/TzdbZoneRulesProvider
Event: 0.952 Loading class java/time/zone/TzdbZoneRulesProvider done
Event: 0.957 Loading class java/time/zone/Ser
Event: 0.957 Loading class java/io/Externalizable
Event: 0.957 Loading class java/io/Externalizable done
Event: 0.958 Loading class java/time/zone/Ser done
Event: 0.958 Loading class java/time/zone/ZoneOffsetTransition
Event: 0.958 Loading class java/time/zone/ZoneOffsetTransition done
Event: 0.965 Loading class java/util/concurrent/atomic/AtomicReference
Event: 0.965 Loading class java/util/concurrent/atomic/AtomicReference done
Event: 0.987 Loading class java/lang/InterruptedException
Event: 0.987 Loading class java/lang/InterruptedException done
Event: 0.987 Loading class java/util/concurrent/TimeoutException
Event: 0.987 Loading class java/util/concurrent/TimeoutException done

Classes unloaded (0 events):
No events

Classes redefined (0 events):
No events

Internal exceptions (13 events):
Event: 0.644 Thread 0x0000015690632fd0 Exception <a 'java/lang/NoSuchMethodError'{0x00000000a75dd1a0}: 'java.lang.Object java.lang.invoke.DirectMethodHandle$Holder.invokeStaticInit(java.lang.Object)'> (0x00000000a75dd1a0) 
thrown [s\src\hotspot\share\interpreter\linkResolver.cpp, line 759]
Event: 0.657 Thread 0x0000015690632fd0 Exception <a 'java/lang/NoSuchMethodError'{0x00000000a75ebae8}: 'void java.lang.invoke.DirectMethodHandle$Holder.invokeStatic(java.lang.Object, java.lang.Object)'> (0x00000000a75ebae8) 
thrown [s\src\hotspot\share\interpreter\linkResolver.cpp, line 759]
Event: 0.684 Thread 0x00000156ff8e8020 Exception <a 'java/lang/NoSuchMethodError'{0x00000000a74d4940}: 'java.lang.Object java.lang.invoke.DirectMethodHandle$Holder.invokeStaticInit(java.lang.Object, java.lang.Object, java.lang.Object)'> (0x00000000a74d4940) 
thrown [s\src\hotspot\share\interpreter\linkResolver.cpp, line 759]
Event: 0.736 Thread 0x00000156ff8e8020 Exception <a 'java/lang/NoSuchMethodError'{0x00000000a73fb5f0}: 'void java.lang.invoke.DirectMethodHandle$Holder.invokeStatic(java.lang.Object, java.lang.Object, java.lang.Object, java.lang.Object)'> (0x00000000a73fb5f0) 
thrown [s\src\hotspot\share\interpreter\linkResolver.cpp, line 759]
Event: 0.747 Thread 0x00000156ff8e8020 Exception <a 'java/lang/NoSuchMethodError'{0x00000000a722ee80}: 'int java.lang.invoke.DirectMethodHandle$Holder.invokeStatic(java.lang.Object, java.lang.Object, int)'> (0x00000000a722ee80) 
thrown [s\src\hotspot\share\interpreter\linkResolver.cpp, line 759]
Event: 0.759 Thread 0x00000156ff8e8020 Exception <a 'java/lang/NoSuchMethodError'{0x00000000a7268048}: 'int java.lang.invoke.DirectMethodHandle$Holder.invokeStatic(java.lang.Object)'> (0x00000000a7268048) 
thrown [s\src\hotspot\share\interpreter\linkResolver.cpp, line 759]
Event: 0.759 Thread 0x00000156ff8e8020 Exception <a 'java/lang/NoSuchMethodError'{0x00000000a726b4f8}: 'int java.lang.invoke.DirectMethodHandle$Holder.invokeStaticInit(java.lang.Object)'> (0x00000000a726b4f8) 
thrown [s\src\hotspot\share\interpreter\linkResolver.cpp, line 759]
Event: 0.771 Thread 0x00000156ff8e8020 Exception <a 'java/lang/NoSuchMethodError'{0x00000000a72aff18}: 'void java.lang.invoke.DirectMethodHandle$Holder.invokeStatic(java.lang.Object, java.lang.Object, java.lang.Object)'> (0x00000000a72aff18) 
thrown [s\src\hotspot\share\interpreter\linkResolver.cpp, line 759]
Event: 0.776 Thread 0x00000156ff8e8020 Exception <a 'java/lang/NoSuchMethodError'{0x00000000a72ceac0}: 'java.lang.Object java.lang.invoke.DirectMethodHandle$Holder.invokeStatic(java.lang.Object, int, java.lang.Object)'> (0x00000000a72ceac0) 
thrown [s\src\hotspot\share\interpreter\linkResolver.cpp, line 759]
Event: 0.780 Thread 0x00000156ff8e8020 Exception <a 'java/lang/NoSuchMethodError'{0x00000000a72d7778}: 'java.lang.Object java.lang.invoke.DirectMethodHandle$Holder.invokeInterface(java.lang.Object, java.lang.Object)'> (0x00000000a72d7778) 
thrown [s\src\hotspot\share\interpreter\linkResolver.cpp, line 759]
Event: 0.811 Thread 0x00000156ff8e8020 Exception <a 'java/lang/NoSuchMethodError'{0x00000000a7156bb8}: 'void java.lang.invoke.DirectMethodHandle$Holder.invokeStaticInit(java.lang.Object, java.lang.Object, java.lang.Object, java.lang.Object)'> (0x00000000a7156bb8) 
thrown [s\src\hotspot\share\interpreter\linkResolver.cpp, line 759]
Event: 0.916 Thread 0x00000156ff8e8020 Exception <a 'java/lang/NoSuchMethodError'{0x00000000a7c44a78}: 'java.lang.Object java.lang.invoke.DirectMethodHandle$Holder.invokeSpecial(java.lang.Object, java.lang.Object, java.lang.Object, long, java.lang.Object)'> (0x00000000a7c44a78) 
thrown [s\src\hotspot\share\interpreter\linkResolver.cpp, line 759]
Event: 0.916 Thread 0x00000156ff8e8020 Exception <a 'java/lang/NoSuchMethodError'{0x00000000a7c48648}: 'java.lang.Object java.lang.invoke.Invokers$Holder.linkToTargetMethod(java.lang.Object, long, java.lang.Object, java.lang.Object)'> (0x00000000a7c48648) 
thrown [s\src\hotspot\share\interpreter\linkResolver.cpp, line 759]

VM Operations (14 events):
Event: 0.449 Executing VM operation: HandshakeAllThreads
Event: 0.449 Executing VM operation: HandshakeAllThreads done
Event: 0.642 Executing VM operation: HandshakeAllThreads
Event: 0.642 Executing VM operation: HandshakeAllThreads done
Event: 0.731 Executing VM operation: HandshakeAllThreads
Event: 0.731 Executing VM operation: HandshakeAllThreads done
Event: 0.786 Executing VM operation: HandshakeAllThreads
Event: 0.786 Executing VM operation: HandshakeAllThreads done
Event: 0.809 Executing VM operation: HandshakeAllThreads
Event: 0.809 Executing VM operation: HandshakeAllThreads done
Event: 0.822 Executing VM operation: HandshakeAllThreads
Event: 0.822 Executing VM operation: HandshakeAllThreads done
Event: 0.833 Executing VM operation: G1CollectForAllocation
Event: 0.844 Executing VM operation: G1CollectForAllocation done

Memory protections (0 events):
No events

Nmethod flushes (0 events):
No events

Events (14 events):
Event: 0.101 Thread 0x00000156ff8e8020 Thread added: 0x00000156ff8e8020
Event: 0.107 Thread 0x00000156ff8e8020 Thread added: 0x000001568ffa96b0
Event: 0.107 Thread 0x00000156ff8e8020 Thread added: 0x000001568ffaa440
Event: 0.139 Thread 0x00000156ff8e8020 Thread added: 0x000001568ffbf8b0
Event: 0.139 Thread 0x00000156ff8e8020 Thread added: 0x000001568ffc0a50
Event: 0.139 Thread 0x00000156ff8e8020 Thread added: 0x000001568ffc4340
Event: 0.139 Thread 0x00000156ff8e8020 Thread added: 0x000001568ffc4c10
Event: 0.139 Thread 0x00000156ff8e8020 Thread added: 0x000001568ffc5590
Event: 0.142 Thread 0x00000156ff8e8020 Thread added: 0x000001568ffc62b0
Event: 0.438 Thread 0x00000156ff8e8020 Thread added: 0x000001569004e690
Event: 0.452 Thread 0x000001568ffc5590 Thread added: 0x00000156900ca040
Event: 0.455 Thread 0x000001568ffc5590 Thread added: 0x00000156900cc750
Event: 0.639 Thread 0x00000156ff8e8020 Thread added: 0x0000015690632fd0
Event: 0.639 Thread 0x00000156ff8e8020 Thread added: 0x00000156906334b0


Dynamic libraries:
0x00007ff7d2370000 - 0x00007ff7d237e000 	C:\Users\Aman Kumar\.jdks\ms-17.0.19\bin\java.exe
0x00007ffa0e990000 - 0x00007ffa0eb88000 	C:\Windows\SYSTEM32\ntdll.dll
0x00007ff9e15e0000 - 0x00007ff9e1601000 	C:\Program Files\AVG\Antivirus\aswhook.dll
0x00007ffa0d020000 - 0x00007ffa0d0e2000 	C:\Windows\System32\KERNEL32.DLL
0x00007ffa0c3e0000 - 0x00007ffa0c6d6000 	C:\Windows\System32\KERNELBASE.dll
0x00007ffa0c8b0000 - 0x00007ffa0c9b0000 	C:\Windows\System32\ucrtbase.dll
0x00007ff9f7ea0000 - 0x00007ff9f7eb8000 	C:\Users\Aman Kumar\.jdks\ms-17.0.19\bin\jli.dll
0x00007ffa0d150000 - 0x00007ffa0d2f1000 	C:\Windows\System32\USER32.dll
0x00007ffa0c0a0000 - 0x00007ffa0c0c2000 	C:\Windows\System32\win32u.dll
0x00007ffa0d720000 - 0x00007ffa0d74b000 	C:\Windows\System32\GDI32.dll
0x00007ffa0c790000 - 0x00007ffa0c8a9000 	C:\Windows\System32\gdi32full.dll
0x00007ffa0c340000 - 0x00007ffa0c3dd000 	C:\Windows\System32\msvcp_win.dll
0x00007ffa038a0000 - 0x00007ffa038be000 	C:\Users\Aman Kumar\.jdks\ms-17.0.19\bin\VCRUNTIME140.dll
0x00007ff9fcd30000 - 0x00007ff9fcfcb000 	C:\Windows\WinSxS\amd64_microsoft.windows.common-controls_6595b64144ccf1df_6.0.19041.6456_none_60b8a6cb71f64256\COMCTL32.dll
0x00007ffa0d960000 - 0x00007ffa0d9fe000 	C:\Windows\System32\msvcrt.dll
0x00007ffa0d430000 - 0x00007ffa0d45f000 	C:\Windows\System32\IMM32.DLL
0x00007ffa03780000 - 0x00007ffa0378c000 	C:\Users\Aman Kumar\.jdks\ms-17.0.19\bin\vcruntime140_1.dll
0x00007ff9d8870000 - 0x00007ff9d88f9000 	C:\Users\Aman Kumar\.jdks\ms-17.0.19\bin\msvcp140.dll
0x00007ff957d60000 - 0x00007ff9589db000 	C:\Users\Aman Kumar\.jdks\ms-17.0.19\bin\server\jvm.dll
0x00007ffa0e7f0000 - 0x00007ffa0e8a1000 	C:\Windows\System32\ADVAPI32.dll
0x00007ffa0e8b0000 - 0x00007ffa0e94f000 	C:\Windows\System32\sechost.dll
0x00007ffa0df60000 - 0x00007ffa0e080000 	C:\Windows\System32\RPCRT4.dll
0x00007ffa0c020000 - 0x00007ffa0c047000 	C:\Windows\System32\bcrypt.dll
0x00007ffa0d6b0000 - 0x00007ffa0d71b000 	C:\Windows\System32\WS2_32.dll
0x00007ffa0be80000 - 0x00007ffa0becb000 	C:\Windows\SYSTEM32\POWRPROF.dll
0x00007ffa01280000 - 0x00007ffa012a7000 	C:\Windows\SYSTEM32\WINMM.dll
0x00007ffa08a80000 - 0x00007ffa08a8a000 	C:\Windows\SYSTEM32\VERSION.dll
0x00007ffa0be60000 - 0x00007ffa0be72000 	C:\Windows\SYSTEM32\UMPDC.dll
0x00007ffa09060000 - 0x00007ffa09072000 	C:\Windows\SYSTEM32\kernel.appcore.dll
0x00007ff9fd990000 - 0x00007ff9fd99a000 	C:\Users\Aman Kumar\.jdks\ms-17.0.19\bin\jimage.dll
0x00007ffa0b970000 - 0x00007ffa0bb71000 	C:\Windows\SYSTEM32\DBGHELP.DLL
0x00007ffa0b8b0000 - 0x00007ffa0b8e4000 	C:\Windows\SYSTEM32\dbgcore.DLL
0x00007ffa0c0d0000 - 0x00007ffa0c152000 	C:\Windows\System32\bcryptPrimitives.dll
0x00007ff9fd900000 - 0x00007ff9fd90f000 	C:\Users\Aman Kumar\.jdks\ms-17.0.19\bin\instrument.dll
0x00007ff9dd700000 - 0x00007ff9dd726000 	C:\Users\Aman Kumar\.jdks\ms-17.0.19\bin\java.dll
0x00007ff9cb520000 - 0x00007ff9cb5f6000 	C:\Users\Aman Kumar\.jdks\ms-17.0.19\bin\jsvml.dll
0x00007ffa0e080000 - 0x00007ffa0e7f0000 	C:\Windows\System32\SHELL32.dll
0x00007ffa092a0000 - 0x00007ffa09a45000 	C:\Windows\SYSTEM32\windows.storage.dll
0x00007ffa0cc60000 - 0x00007ffa0cfb4000 	C:\Windows\System32\combase.dll
0x00007ffa0b2b0000 - 0x00007ffa0b2db000 	C:\Windows\SYSTEM32\Wldp.dll
0x00007ffa0d890000 - 0x00007ffa0d95d000 	C:\Windows\System32\OLEAUT32.dll
0x00007ffa0d300000 - 0x00007ffa0d3ad000 	C:\Windows\System32\SHCORE.dll
0x00007ffa0d650000 - 0x00007ffa0d6ab000 	C:\Windows\System32\shlwapi.dll
0x00007ffa0bf50000 - 0x00007ffa0bf74000 	C:\Windows\SYSTEM32\profapi.dll
0x00007ff9e7d80000 - 0x00007ff9e7d98000 	C:\Users\Aman Kumar\.jdks\ms-17.0.19\bin\zip.dll
0x00007ff9e7b30000 - 0x00007ff9e7b4b000 	C:\Users\Aman Kumar\.jdks\ms-17.0.19\bin\net.dll
0x00007ffa00fb0000 - 0x00007ffa010ba000 	C:\Windows\SYSTEM32\WINHTTP.dll
0x00007ffa0b010000 - 0x00007ffa0b07a000 	C:\Windows\system32\mswsock.dll
0x00007ff9e34e0000 - 0x00007ff9e34f6000 	C:\Users\Aman Kumar\.jdks\ms-17.0.19\bin\nio.dll
0x00007ff9f9640000 - 0x00007ff9f9649000 	C:\Users\Aman Kumar\.jdks\ms-17.0.19\bin\extnet.dll

dbghelp: loaded successfully - version: 4.0.5 - missing functions: none
symbol engine: initialized successfully - sym options: 0x614 - pdb path: .;C:\Users\Aman Kumar\.jdks\ms-17.0.19\bin;C:\Windows\SYSTEM32;C:\Program Files\AVG\Antivirus;C:\Windows\WinSxS\amd64_microsoft.windows.common-controls_6595b64144ccf1df_6.0.19041.6456_none_60b8a6cb71f64256;C:\Users\Aman Kumar\.jdks\ms-17.0.19\bin\server

VM Arguments:
jvm_args: -XX:TieredStopAtLevel=1 -Dspring.output.ansi.enabled=always -javaagent:C:\Program Files\JetBrains\IntelliJ IDEA 2026.1.2\lib\idea_rt.jar=64834 -Dfile.encoding=UTF-8 
java_command: com.example.taskmanager.TaskManagerApplication
java_class_path (initial): E:\Desktop all things\Spring Boot Projects\Task  Manager\Task Manager\target\classes;C:\Users\Aman Kumar\.m2\repository\org\springframework\boot\spring-boot-starter-web\4.1.0\spring-boot-starter-web-4.1.0.jar;C:\Users\Aman Kumar\.m2\repository\org\springframework\boot\spring-boot-starter-jackson\4.1.0\spring-boot-starter-jackson-4.1.0.jar;C:\Users\Aman Kumar\.m2\repository\org\springframework\boot\spring-boot-jackson\4.1.0\spring-boot-jackson-4.1.0.jar;C:\Users\Aman Kumar\.m2\repository\tools\jackson\core\jackson-databind\3.1.4\jackson-databind-3.1.4.jar;C:\Users\Aman Kumar\.m2\repository\tools\jackson\core\jackson-core\3.1.4\jackson-core-3.1.4.jar;C:\Users\Aman Kumar\.m2\repository\org\springframework\boot\spring-boot-starter-tomcat\4.1.0\spring-boot-starter-tomcat-4.1.0.jar;C:\Users\Aman Kumar\.m2\repository\org\springframework\boot\spring-boot-starter-tomcat-runtime\4.1.0\spring-boot-starter-tomcat-runtime-4.1.0.jar;C:\Users\Aman Kumar\.m2\repository\org\springframework\boot\spring-boot-web-server\4.1.0\spring-boot-web-server-4.1.0.jar;C:\Users\Aman Kumar\.m2\repository\org\apache\tomcat\embed\tomcat-embed-core\11.0.22\tomcat-embed-core-11.0.22.jar;C:\Users\Aman Kumar\.m2\repository\org\apache\tomcat\embed\tomcat-embed-el\11.0.22\tomcat-embed-el-11.0.22.jar;C:\Users\Aman Kumar\.m2\repository\org\apache\tomcat\embed\tomcat-embed-websocket\11.0.22\tomcat-embed-websocket-11.0.22.jar;C:\Users\Aman Kumar\.m2\repository\org\springframework\boot\spring-boot-tomcat\4.1.0\spring-boot-tomcat-4.1.0.jar;C:\Users\Aman Kumar\.m2\repository\org\springframework\boot\spring-boot-http-converter\4.1.0\spring-boot-http-converter-4.1.0.jar;C:\Users\Aman Kumar\.m2\repository\org\springframework\boot\spring-boot\4.1.0\spring-boot-4.1.0.jar;C:\Users\Aman Kumar\.m2\repository\org\springframework\spring-context\7.0.8\spring-context-7.0.8.jar;C:\Users\Aman Kumar\.m2\repository\org\springframework\spring-web\7.0.8\spring-web-7.0.8.jar;C:\Users\Aman Kumar\.m2\rep
Launcher Type: SUN_STANDARD

[Global flags]
     intx CICompilerCount                          = 3                                         {product} {ergonomic}
     uint ConcGCThreads                            = 1                                         {product} {ergonomic}
     uint G1ConcRefinementThreads                  = 4                                         {product} {ergonomic}
   size_t G1HeapRegionSize                         = 1048576                                   {product} {ergonomic}
    uintx GCDrainStackTargetSize                   = 64                                        {product} {ergonomic}
   size_t InitialHeapSize                          = 100663296                                 {product} {ergonomic}
   size_t MarkStackSize                            = 4194304                                   {product} {ergonomic}
   size_t MaxHeapSize                              = 1579155456                                {product} {ergonomic}
   size_t MaxNewSize                               = 946864128                                 {product} {ergonomic}
   size_t MinHeapDeltaBytes                        = 1048576                                   {product} {ergonomic}
   size_t MinHeapSize                              = 8388608                                   {product} {ergonomic}
    uintx NonProfiledCodeHeapSize                  = 0                                      {pd product} {ergonomic}
     bool ProfileInterpreter                       = false                                  {pd product} {command line}
    uintx ProfiledCodeHeapSize                     = 0                                      {pd product} {ergonomic}
   size_t SoftMaxHeapSize                          = 1579155456                             {manageable} {ergonomic}
     intx TieredStopAtLevel                        = 1                                         {product} {command line}
     bool UseCompressedClassPointers               = true                           {product lp64_product} {ergonomic}
     bool UseCompressedOops                        = true                           {product lp64_product} {ergonomic}
     bool UseG1GC                                  = true                                      {product} {ergonomic}
     bool UseLargePagesIndividualAllocation        = false                                  {pd product} {ergonomic}

Logging:
Log output configuration:
 #0: stdout all=warning uptime,level,tags
 #1: stderr all=off uptime,level,tags

Environment Variables:
JAVA_HOME=C:\Users\Aman Kumar\Downloads\jdk-25_windows-x64_bin\jdk-25.0.2
PATH=C:\Python314\Scripts\;C:\Python314\;C:\Windows\system32;C:\Windows;C:\Windows\System32\Wbem;C:\Windows\System32\WindowsPowerShell\v1.0\;C:\Windows\System32\OpenSSH\;C:\Users\Aman Kumar\Downloads\jdk-25_windows-x64_bin\jdk-25.0.2\bin;C:\Program Files\Git\cmd;C:\apache-maven-3.9.13\bin;C:\Program Files\nodejs\;C:\ProgramData\chocolatey\bin;C:\Program Files\MySQL\MySQL Server 8.0\bin;C:\Program Files\MongoDB\Server\7.0\bin;C:\Program Files\MySQL\MySQL Shell 8.0\bin\;C:\Users\Aman Kumar\AppData\Local\Microsoft\WindowsApps;C:\Users\Aman Kumar\AppData\Roaming\npm;C:\Users\Aman Kumar\AppData\Local\Programs\mongosh\;C:\Users\Aman Kumar\AppData\Local\Programs\Microsoft VS Code\bin;C:\Users\Aman Kumar\AppData\Local\Programs\cursor\resources\app\bin
USERNAME=Aman Kumar
OS=Windows_NT
PROCESSOR_IDENTIFIER=AMD64 Family 23 Model 24 Stepping 1, AuthenticAMD
TMP=C:\Users\AMANKU~1\AppData\Local\Temp
TEMP=C:\Users\AMANKU~1\AppData\Local\Temp



Periodic native trim disabled


---------------  S Y S T E M  ---------------

OS:
 Windows 10 , 64 bit Build 19041 (10.0.19041.5915)
OS uptime: 10 days 4:40 hours

CPU: total 4 (initial active 4) (4 cores per cpu, 2 threads per core) family 23 model 24 stepping 1 microcode 0x0, cx8, cmov, fxsr, ht, mmx, 3dnowpref, sse, sse2, sse3, ssse3, sse4a, sse4.1, sse4.2, popcnt, lzcnt, tsc, tscinvbit, avx, avx2, aes, clmul, bmi1, bmi2, adx, sha, fma, vzeroupper, clflush, clflushopt
Processor Information for the first 4 processors :
  Max Mhz: 2600, Current Mhz: 2600, Mhz Limit: 2600

Memory: 4k page, system-wide physical 6020M (430M free)
TotalPageFile size 14212M (AvailPageFile size 174M)
current process WorkingSet (physical memory assigned to process): 62M, peak: 62M
current process commit charge ("private bytes"): 175M, peak: 175M

vm_info: OpenJDK 64-Bit Server VM (17.0.19+10-LTS) for windows-amd64 JRE (17.0.19+10-LTS), built on Apr 18 2026 18:24:40 by "MicrosoftCorporation" with MS VC++ 17.14 (VS2022)

END.
